,Страна,Регион,Численность,Площадь (sq. mi.),Плотность населения (per sq. mi.),Длина побережья к общей площади,Миграция,Детская смертность,ВВП на душу населения,Грамотность(%),Телефонов (на 1000),пахотные земли (%), земель под посевы(%),других земель (%),Рождаемость,Смертность,С/Х в ВВП,Промышленность в ВВП,Услуг в ВВП,Численность в млн,Площадь(кв.км),Плотность населения(на кв.км)
0,Afghanistan,Азия,31056997,647500,48.0,0.0,23.06,163.07,700.0,36.0,3.2,12.13,0.22,87.65,46.6,20.34,0.38,0.24,0.38,0.031056997,1677025.0,124.32
1,Albania,ВОСТОЧНАЯ ЕВРОПА,3581655,28748,124.6,1.26,-4.93,21.52,4500.0,86.5,71.2,21.09,4.42,74.49,15.11,5.22,0.23,0.19,0.58,0.003581655,74457.31999999999,322.71399999999994
2,Algeria,СЕВЕРНАЯ АФРИКА,32930091,2381740,13.8,0.04,-0.39,31.0,6000.0,70.0,78.1,3.22,0.25,96.53,17.14,4.61,0.1,0.6,0.3,0.032930091,6168706.6,35.742
3,American Samoa,ОКЕАНИЯ,57794,199,290.4,58.29,-20.71,9.27,8000.0,97.0,259.5,10.0,15.0,75.0,22.46,3.27,,,,5.7794e-05,515.41,752.1359999999999
4,Andorra,Западная Европа,71201,468,152.1,0.0,6.6,4.05,19000.0,100.0,497.2,2.22,0.0,97.78,8.71,6.25,,,,7.1201e-05,1212.12,393.93899999999996
5,Angola,Южная Африка,12127071,1246700,9.7,0.13,0.0,191.19,1900.0,42.0,7.8,2.41,0.24,97.35,45.11,24.2,0.1,0.66,0.25,0.012127071,3228953.0,25.122999999999998
6,Anguilla,Латинская Америка,13477,102,132.1,59.8,10.76,21.03,8600.0,95.0,460.0,0.0,0.0,100.0,14.17,5.34,0.04,0.18,0.78,1.3477e-05,264.18,342.13899999999995
7,Antigua & Barbuda,Латинская Америка,69108,443,156.0,34.54,-6.15,19.46,11000.0,89.0,549.9,18.18,4.55,77.27,16.93,5.37,0.04,0.22,0.74,6.9108e-05,1147.37,404.03999999999996
8,Argentina,Латинская Америка,39921833,2766890,14.4,0.18,0.61,15.18,11200.0,97.1,220.4,12.31,0.48,87.21,16.73,7.55,0.1,0.36,0.55,0.039921833,7166245.1,37.296
9,Armenia,ex-USSR,2976372,29800,99.9,0.0,-6.47,23.28,3500.0,98.6,195.7,17.55,2.3,80.15,12.07,8.23,0.24,0.34,0.42,0.002976372,77182.0,258.741
10,Aruba,Латинская Америка,71891,193,372.5,35.49,0.0,5.89,28000.0,97.0,516.1,10.53,0.0,89.47,11.03,6.68,0.0,0.33,0.66,7.1891e-05,499.86999999999995,964.775
11,Australia,ОКЕАНИЯ,20264082,7686850,2.6,0.34,3.98,4.69,29000.0,100.0,565.5,6.55,0.04,93.41,12.14,7.51,0.04,0.26,0.7,0.020264082,19908941.5,6.734
12,Austria,Западная Европа,8192880,83870,97.7,0.0,2.0,4.66,30000.0,98.0,452.2,16.91,0.86,82.23,8.74,9.76,0.02,0.3,0.68,0.00819288,217223.3,253.043
13,Azerbaijan,ex-USSR,7961619,86600,91.9,0.0,-4.9,81.74,3400.0,97.0,137.1,19.63,2.71,77.66,20.74,9.75,0.14,0.46,0.4,0.007961619,224294.0,238.02100000000002
14,"Bahamas, The",Латинская Америка,303770,13940,21.8,25.41,-2.2,25.21,16700.0,95.6,460.6,0.8,0.4,98.8,17.57,9.05,0.03,0.07,0.9,0.00030377,36104.6,56.461999999999996
15,Bahrain,Ближний Восток,698585,665,1050.5,24.21,1.05,17.27,16900.0,89.1,281.3,2.82,5.63,91.55,17.8,4.14,0.0,0.39,0.61,0.000698585,1722.35,2720.795
16,Bangladesh,Азия,147365352,144000,1023.4,0.4,-0.71,62.6,1900.0,43.1,7.3,62.11,3.07,34.82,29.8,8.27,0.2,0.2,0.6,0.147365352,372960.0,2650.6059999999998
17,Barbados,Латинская Америка,279912,431,649.5,22.51,-0.31,12.5,15700.0,97.4,481.9,37.21,2.33,60.46,12.71,8.67,0.06,0.16,0.78,0.000279912,1116.29,1682.205
18,Belarus,ex-USSR,10293011,207600,49.6,0.0,2.54,13.37,6100.0,99.6,319.1,29.55,0.6,69.85,11.16,14.02,0.09,0.32,0.59,0.010293011,537684.0,128.464
19,Belgium,Западная Европа,10379067,30528,340.0,0.22,1.23,4.68,29100.0,98.0,462.6,23.28,0.4,76.32,10.38,10.27,0.01,0.24,0.75,0.010379067,79067.51999999999,880.5999999999999
20,Belize,Латинская Америка,287730,22966,12.5,1.68,0.0,25.69,4900.0,94.1,115.7,2.85,1.71,95.44,28.84,5.72,0.14,0.15,0.61,0.00028773,59481.939999999995,32.375
21,Benin,Южная Африка,7862944,112620,69.8,0.11,0.0,85.0,1100.0,40.9,9.7,18.08,2.4,79.52,38.85,12.22,0.32,0.14,0.55,0.007862944,291685.8,180.78199999999998
22,Bermuda,Северная Америка,65773,53,1241.0,194.34,2.49,8.53,36000.0,98.0,851.4,20.0,0.0,80.0,11.4,7.74,0.01,0.1,0.89,6.5773e-05,137.26999999999998,3214.1899999999996
23,Bhutan,Азия,2279723,47000,48.5,0.0,0.0,100.44,1300.0,42.2,14.3,3.09,0.43,96.48,33.65,12.7,0.26,0.38,0.36,0.002279723,121730.0,125.615
24,Bolivia,Латинская Америка,8989046,1098580,8.2,0.0,-1.32,53.11,2400.0,87.2,71.9,2.67,0.19,97.14,23.3,7.53,0.13,0.35,0.52,0.008989046,2845322.1999999997,21.237999999999996
25,Bosnia & Herzegovina,ВОСТОЧНАЯ ЕВРОПА,4498976,51129,88.0,0.04,0.31,21.05,6100.0,,215.4,13.6,2.96,83.44,8.77,8.27,0.14,0.31,0.55,0.004498976,132424.11,227.92
26,Botswana,Южная Африка,1639833,600370,2.7,0.0,0.0,54.58,9000.0,79.8,80.5,0.65,0.01,99.34,23.08,29.5,0.02,0.47,0.51,0.001639833,1554958.2999999998,6.993
27,Brazil,Латинская Америка,188078227,8511965,22.1,0.09,-0.03,29.61,7600.0,86.4,225.3,6.96,0.9,92.15,16.56,6.17,0.08,0.4,0.52,0.188078227,22045989.349999998,57.239
28,British Virgin Is.,Латинская Америка,23098,153,151.0,52.29,10.01,18.05,16000.0,97.8,506.5,20.0,6.67,73.33,14.89,4.42,0.02,0.06,0.92,2.3098e-05,396.27,391.09
29,Brunei,Азия,379444,5770,65.8,2.79,3.59,12.61,18600.0,93.9,237.2,0.57,0.76,98.67,18.79,3.45,0.04,0.56,0.4,0.000379444,14944.3,170.422
30,Bulgaria,ВОСТОЧНАЯ ЕВРОПА,7385367,110910,66.6,0.32,-4.58,20.55,7600.0,98.6,336.3,40.02,1.92,58.06,9.65,14.27,0.09,0.3,0.6,0.007385367,287256.89999999997,172.49399999999997
31,Burkina Faso,Южная Африка,13902972,274200,50.7,0.0,0.0,97.57,1100.0,26.6,7.0,14.43,0.19,85.38,45.62,15.6,0.32,0.2,0.48,0.013902972,710178.0,131.313
32,Burma,Азия,47382633,678500,69.8,0.28,-1.8,67.24,1800.0,85.3,10.1,15.19,0.97,83.84,17.91,9.83,0.56,0.08,0.35,0.047382633,1757315.0,180.78199999999998
33,Burundi,Южная Африка,8090068,27830,290.7,0.0,-0.06,69.29,600.0,51.6,3.4,35.05,14.02,50.93,42.22,13.46,0.46,0.2,0.33,0.008090068,72079.7,752.9129999999999
34,Cambodia,Азия,13881427,181040,76.7,0.24,0.0,71.48,1900.0,69.4,2.6,20.96,0.61,78.43,26.9,9.06,0.35,0.3,0.35,0.013881427,468893.6,198.653
35,Cameroon,Южная Африка,17340702,475440,36.5,0.08,0.0,68.26,1800.0,79.0,5.7,12.81,2.58,84.61,33.89,13.47,0.45,0.17,0.38,0.017340702,1231389.5999999999,94.535
36,Canada,Северная Америка,33098932,9984670,3.3,2.02,5.96,4.75,29800.0,97.0,552.2,4.96,0.02,95.02,10.78,7.8,0.02,0.29,0.68,0.033098932,25860295.299999997,8.546999999999999
37,Cape Verde,Южная Африка,420979,4033,104.4,23.93,-12.07,47.77,1400.0,76.6,169.6,9.68,0.5,89.82,24.87,6.55,0.12,0.22,0.66,0.000420979,10445.47,270.396
38,Cayman Islands,Латинская Америка,45436,262,173.4,61.07,18.75,8.19,35000.0,98.0,836.3,3.85,0.0,96.15,12.74,4.89,0.01,0.03,0.95,4.5436e-05,678.5799999999999,449.106
39,Central African Rep.,Южная Африка,4303356,622984,6.9,0.0,0.0,91.0,1100.0,51.0,2.3,3.1,0.14,96.76,33.91,18.65,0.55,0.2,0.25,0.004303356,1613528.5599999998,17.871
40,Chad,Южная Африка,9944201,1284000,7.7,0.0,-0.11,93.82,1200.0,47.5,1.3,2.86,0.02,97.12,45.73,16.38,0.34,0.26,0.41,0.009944201,3325560.0,19.942999999999998
41,Chile,Латинская Америка,16134219,756950,21.3,0.85,0.0,8.8,9900.0,96.2,213.0,2.65,0.42,96.93,15.23,5.81,0.06,0.49,0.45,0.016134219,1960500.5,55.167
42,China,Азия,1313973713,9596960,136.9,0.15,-0.4,24.18,5000.0,90.9,266.7,15.4,1.25,83.35,13.25,6.97,0.12,0.47,0.4,1.313973713,24856126.4,354.57099999999997
43,Colombia,Латинская Америка,43593035,1138910,38.3,0.28,-0.31,20.97,6300.0,92.5,176.2,2.42,1.67,95.91,20.48,5.58,0.12,0.34,0.53,0.043593035,2949776.9,99.19699999999999
44,Comoros,Южная Африка,690948,2170,318.4,15.67,0.0,74.93,700.0,56.5,24.5,35.87,23.32,40.81,36.93,8.2,0.4,0.04,0.56,0.000690948,5620.299999999999,824.656
45,"Congo, Dem. Rep.",Южная Африка,62660551,2345410,26.7,0.0,0.0,94.69,700.0,65.5,0.2,2.96,0.52,96.52,43.69,13.27,0.55,0.11,0.34,0.062660551,6074611.899999999,69.15299999999999
46,"Congo, Repub. of the",Южная Африка,3702314,342000,10.8,0.05,-0.17,93.86,700.0,83.8,3.7,0.51,0.13,99.36,42.57,12.93,0.06,0.57,0.37,0.003702314,885780.0,27.972
47,Cook Islands,ОКЕАНИЯ,21388,240,89.1,50.0,,,5000.0,95.0,289.9,17.39,13.04,69.57,21.0,,0.15,0.1,0.75,2.1388e-05,621.5999999999999,230.76899999999998
48,Costa Rica,Латинская Америка,4075261,51100,79.8,2.52,0.51,9.95,9100.0,96.0,340.7,4.41,5.88,89.71,18.32,4.36,0.09,0.3,0.61,0.004075261,132349.0,206.682
49,Cote d'Ivoire,Южная Африка,17654843,322460,54.8,0.16,-0.07,90.83,1400.0,50.9,14.6,9.75,13.84,76.41,35.11,14.84,0.28,0.17,0.55,0.017654843,835171.3999999999,141.932
50,Croatia,ВОСТОЧНАЯ ЕВРОПА,4494749,56542,79.5,10.32,1.58,6.84,10600.0,98.5,420.4,26.09,2.27,71.65,9.61,11.48,0.07,0.31,0.62,0.004494749,146443.78,205.905
51,Cuba,Латинская Америка,11382820,110860,102.7,3.37,-1.58,6.33,2900.0,97.0,74.7,33.05,7.6,59.35,11.89,7.22,0.06,0.26,0.68,0.01138282,287127.39999999997,265.993
52,Cyprus,Ближний Восток,784301,9250,84.8,7.01,0.43,7.18,19200.0,97.6,,7.79,4.44,87.77,12.56,7.68,0.04,0.2,0.76,0.000784301,23957.5,219.63199999999998
53,Czech Republic,ВОСТОЧНАЯ ЕВРОПА,10235455,78866,129.8,0.0,0.97,3.93,15700.0,99.9,314.3,39.8,3.05,57.15,9.02,10.59,0.03,0.39,0.57,0.010235455,204262.94,336.182
54,Denmark,Западная Европа,5450661,43094,126.5,16.97,2.48,4.56,31100.0,100.0,614.6,54.02,0.19,45.79,11.13,10.36,0.02,0.25,0.74,0.005450661,111613.45999999999,327.635
55,Djibouti,Южная Африка,486530,23000,21.2,1.37,0.0,104.13,1300.0,67.9,22.8,0.04,0.0,99.96,39.53,19.31,0.18,0.22,0.6,0.00048653,59570.0,54.907999999999994
56,Dominica,Латинская Америка,68910,754,91.4,19.63,-13.87,14.15,5400.0,94.0,304.8,6.67,20.0,73.33,15.27,6.73,0.18,0.33,0.5,6.891e-05,1952.86,236.726
57,Dominican Republic,Латинская Америка,9183984,48730,188.5,2.64,-3.22,32.38,6000.0,84.7,97.4,22.65,10.33,67.02,23.22,5.73,0.11,0.31,0.58,0.009183984,126210.7,488.215
58,East Timor,Азия,1062777,15007,70.8,4.7,0.0,47.41,500.0,58.6,,4.71,0.67,94.62,26.99,6.24,0.08,0.23,0.68,0.001062777,38868.13,183.37199999999999
59,Ecuador,Латинская Америка,13547510,283560,47.8,0.79,-8.58,23.66,3300.0,92.5,125.6,5.85,4.93,89.22,22.29,4.23,0.07,0.31,0.62,0.01354751,734420.3999999999,123.80199999999999
60,Egypt,СЕВЕРНАЯ АФРИКА,78887007,1001450,78.8,0.24,-0.22,32.59,4000.0,57.7,131.8,2.87,0.48,96.65,22.94,5.23,0.15,0.36,0.49,0.078887007,2593755.5,204.09199999999998
61,El Salvador,Латинская Америка,6822378,21040,324.3,1.46,-3.74,25.1,4800.0,80.2,142.4,31.85,12.07,56.08,26.61,5.78,0.1,0.3,0.6,0.006822378,54493.6,839.937
62,Equatorial Guinea,Южная Африка,540109,28051,19.3,1.06,0.0,85.13,2700.0,85.7,18.5,4.63,3.57,91.8,35.59,15.06,0.03,0.91,0.06,0.000540109,72652.09,49.987
63,Eritrea,Южная Африка,4786994,121320,39.5,1.84,0.0,74.87,700.0,58.6,7.9,4.95,0.03,95.02,34.33,9.6,0.1,0.25,0.64,0.004786994,314218.8,102.30499999999999
64,Estonia,Прибалтика,1324333,45226,29.3,8.39,-3.16,7.87,12300.0,99.8,333.8,16.04,0.45,83.51,10.04,13.25,0.04,0.29,0.67,0.001324333,117135.34,75.887
65,Ethiopia,Южная Африка,74777981,1127127,66.3,0.0,0.0,95.32,700.0,42.7,8.2,10.71,0.75,88.54,37.98,14.86,0.48,0.1,0.43,0.074777981,2919258.9299999997,171.71699999999998
66,Faroe Islands,Западная Европа,47246,1399,33.8,79.84,1.41,6.24,22000.0,,503.8,2.14,0.0,97.86,14.05,8.7,0.27,0.11,0.62,4.7246e-05,3623.41,87.54199999999999
67,Fiji,ОКЕАНИЯ,905949,18270,49.6,6.18,-3.14,12.62,5800.0,93.7,112.6,10.95,4.65,84.4,22.55,5.65,0.09,0.14,0.78,0.000905949,47319.299999999996,128.464
68,Finland,Западная Европа,5231372,338145,15.5,0.37,0.95,3.57,27400.0,100.0,405.3,7.19,0.03,92.78,10.45,9.86,0.03,0.3,0.68,0.005231372,875795.5499999999,40.144999999999996
69,France,Западная Европа,60876136,547030,111.3,0.63,0.66,4.26,27600.0,99.0,586.4,33.53,2.07,64.4,11.99,9.14,0.02,0.21,0.76,0.060876136,1416807.7,288.267
70,French Guiana,Латинская Америка,199509,91000,2.2,0.42,6.27,12.07,8300.0,83.0,255.6,0.14,0.05,99.81,20.46,4.88,0.07,0.16,0.78,0.000199509,235690.0,5.698
71,French Polynesia,ОКЕАНИЯ,274578,4167,65.9,60.6,2.94,8.44,17500.0,98.0,194.5,0.82,5.46,93.72,16.68,4.69,0.03,0.19,0.77,0.000274578,10792.529999999999,170.681
72,Gabon,Южная Африка,1424906,267667,5.3,0.33,0.0,53.64,5500.0,63.2,27.4,1.26,0.66,98.08,36.16,12.25,0.06,0.59,0.35,0.001424906,693257.5299999999,13.726999999999999
73,"Gambia, The",Южная Африка,1641564,11300,145.3,0.71,1.57,72.02,1700.0,40.1,26.8,25.0,0.5,74.5,39.37,12.25,0.31,0.14,0.55,0.001641564,29267.0,376.327
74,Gaza Strip,Ближний Восток,1428757,360,3968.8,11.11,1.6,22.93,600.0,,244.3,28.95,21.05,50.0,39.45,3.8,0.03,0.28,0.69,0.001428757,932.4,10279.192
75,Georgia,ex-USSR,4661473,69700,66.9,0.44,-4.7,18.59,2500.0,99.0,146.6,11.44,3.86,84.7,10.41,9.23,0.17,0.28,0.55,0.004661473,180523.0,173.27100000000002
76,Germany,Западная Европа,82422299,357021,230.9,0.67,2.18,4.16,27600.0,99.0,667.9,33.85,0.59,65.56,8.25,10.62,0.01,0.3,0.7,0.082422299,924684.3899999999,598.031
77,Ghana,Южная Африка,22409572,239460,93.6,0.23,-0.64,51.43,2200.0,74.8,14.4,16.26,9.67,74.07,30.52,9.72,0.37,0.25,0.39,0.022409572,620201.4,242.42399999999998
78,Gibraltar,Западная Европа,27928,7,3989.7,171.43,0.0,5.13,17500.0,,877.7,0.0,0.0,100.0,10.74,9.31,,,,2.7928e-05,18.13,10333.322999999999
79,Greece,Западная Европа,10688058,131940,81.0,10.37,2.35,5.53,20000.0,97.5,589.7,21.1,8.78,70.12,9.68,10.24,0.05,0.21,0.73,0.010688058,341724.6,209.79
80,Greenland,Северная Америка,56361,2166086,0.0,2.04,-8.37,15.82,20000.0,,448.9,0.0,0.0,100.0,15.93,7.84,,,,5.6361e-05,5610162.739999999,0.0
81,Grenada,Латинская Америка,89703,344,260.8,35.17,-13.92,14.62,5000.0,98.0,364.5,5.88,29.41,64.71,22.08,6.88,0.05,0.18,0.77,8.9703e-05,890.9599999999999,675.472
82,Guadeloupe,Латинская Америка,452776,1780,254.4,17.19,-0.15,8.6,8000.0,90.0,463.8,11.24,3.55,85.21,15.05,6.09,0.15,0.17,0.68,0.000452776,4610.2,658.896
83,Guam,ОКЕАНИЯ,171019,541,316.1,23.2,0.0,6.94,21000.0,99.0,492.0,9.09,16.36,74.55,18.79,4.48,,,,0.000171019,1401.1899999999998,818.6990000000001
84,Guatemala,Латинская Америка,12293545,108890,112.9,0.37,-1.67,35.93,4100.0,70.6,92.1,12.54,5.03,82.43,29.88,5.2,0.23,0.19,0.58,0.012293545,282025.1,292.411
85,Guernsey,Западная Европа,65409,78,838.6,64.1,3.84,4.71,20000.0,,842.4,,,,8.81,10.01,0.03,0.1,0.87,6.5409e-05,202.01999999999998,2171.974
86,Guinea,Южная Африка,9690222,245857,39.4,0.13,-3.06,90.37,2100.0,35.9,2.7,3.63,2.58,93.79,41.76,15.48,0.24,0.36,0.4,0.009690222,636769.63,102.04599999999999
87,Guinea-Bissau,Южная Африка,1442029,36120,39.9,0.97,-1.57,107.17,800.0,42.4,7.4,10.67,8.82,80.51,37.22,16.53,0.62,0.12,0.26,0.001442029,93550.79999999999,103.341
88,Guyana,Латинская Америка,767245,214970,3.6,0.21,-2.07,33.26,4000.0,98.8,143.5,2.44,0.15,97.41,18.28,8.28,0.37,0.2,0.43,0.000767245,556772.2999999999,9.324
89,Haiti,Латинская Америка,8308504,27750,299.4,6.38,-3.4,73.45,1600.0,52.9,16.9,28.3,11.61,60.09,36.44,12.17,0.28,0.2,0.52,0.008308504,71872.5,775.4459999999999
90,Honduras,Латинская Америка,7326496,112090,65.4,0.73,-1.99,29.32,2600.0,76.2,67.5,9.55,3.22,87.23,28.24,5.28,0.14,0.31,0.55,0.007326496,290313.1,169.386
91,Hong Kong,Азия,6940432,1092,6355.7,67.12,5.24,2.97,28800.0,93.5,546.7,5.05,1.01,93.94,7.29,6.29,0.0,0.09,0.91,0.006940432,2828.2799999999997,16461.263
92,Hungary,ВОСТОЧНАЯ ЕВРОПА,9981334,93030,107.3,0.0,0.86,8.57,13900.0,99.4,336.2,50.09,2.06,47.85,9.72,13.11,0.04,0.31,0.65,0.009981334,240947.69999999998,277.907
93,Iceland,Западная Европа,299388,103000,2.9,4.83,2.38,3.31,30900.0,99.9,647.7,0.07,0.0,99.93,13.64,6.72,0.09,0.15,0.76,0.000299388,266770.0,7.510999999999999
94,India,Азия,1095351995,3287590,333.2,0.21,-0.07,56.29,2900.0,59.5,45.4,54.4,2.74,42.86,22.01,8.18,0.19,0.28,0.54,1.095351995,8514858.1,862.9879999999999
95,Indonesia,Азия,245452739,1919440,127.9,2.85,0.0,35.6,3200.0,87.9,52.0,11.32,7.23,81.45,20.34,6.25,0.13,0.46,0.41,0.245452739,4971349.6,331.261
96,Iran,Азия,68688433,1648000,41.7,0.15,-0.84,41.58,7000.0,79.4,276.4,8.72,1.39,89.89,17.0,5.55,0.12,0.42,0.46,0.068688433,4268320.0,108.003
97,Iraq,Ближний Восток,26783383,437072,61.3,0.01,0.0,50.25,1500.0,40.4,38.6,13.15,0.78,86.07,31.98,5.37,0.07,0.67,0.26,0.026783383,1132016.48,158.767
98,Ireland,Западная Европа,4062235,70280,57.8,2.06,4.99,5.39,29600.0,98.0,500.5,15.2,0.03,84.77,14.45,7.82,0.05,0.46,0.49,0.004062235,182025.19999999998,149.702
99,Isle of Man,Западная Европа,75441,572,131.9,27.97,5.36,5.93,21000.0,,676.0,9.0,0.0,91.0,11.05,11.19,0.01,0.13,0.86,7.5441e-05,1481.48,341.621
100,Israel,Ближний Восток,6352117,20770,305.8,1.31,0.68,7.03,19800.0,95.4,462.3,16.39,4.17,79.44,17.97,6.18,0.03,0.32,0.66,0.006352117,53794.299999999996,792.0219999999999
101,Italy,Западная Европа,58133509,301230,193.0,2.52,2.07,5.94,26700.0,98.6,430.9,27.79,9.53,62.68,8.72,10.4,0.02,0.29,0.69,0.058133509,780185.7,499.86999999999995
102,Jamaica,Латинская Америка,2758124,10991,250.9,9.3,-4.92,12.36,3900.0,87.9,124.0,16.07,10.16,73.77,20.82,6.52,0.05,0.34,0.62,0.002758124,28466.69,649.831
103,Japan,Азия,127463611,377835,337.4,7.87,0.0,3.26,28200.0,99.0,461.2,12.19,0.96,86.85,9.37,9.16,0.02,0.26,0.72,0.127463611,978592.6499999999,873.8659999999999
104,Jersey,Западная Европа,91084,116,785.2,60.34,2.76,5.24,24800.0,,811.3,0.0,0.0,100.0,9.3,9.28,0.05,0.02,0.93,9.1084e-05,300.44,2033.668
105,Jordan,Ближний Восток,5906760,92300,64.0,0.03,6.59,17.35,4300.0,91.3,104.5,2.67,1.83,95.5,21.25,2.65,0.03,0.29,0.68,0.00590676,239057.0,165.76
106,Kazakhstan,ex-USSR,15233244,2717300,5.6,0.0,-3.35,29.21,6300.0,98.4,164.1,7.98,0.05,91.97,16.0,9.42,0.07,0.39,0.55,0.015233244,7037807.0,14.503999999999998
107,Kenya,Южная Африка,34707817,582650,59.6,0.09,-0.1,61.47,1000.0,85.1,8.1,8.08,0.98,90.94,39.72,14.02,0.16,0.19,0.65,0.034707817,1509063.5,154.364
108,Kiribati,ОКЕАНИЯ,105432,811,130.0,140.94,0.0,48.52,800.0,,42.7,2.74,50.68,46.58,30.65,8.26,0.09,0.24,0.67,0.000105432,2100.49,336.7
109,"Korea, North",Азия,23113019,120540,191.8,2.07,0.0,24.04,1300.0,99.0,42.4,20.76,2.49,76.75,15.54,7.13,0.3,0.34,0.36,0.023113019,312198.6,496.762
110,"Korea, South",Азия,48846823,98480,496.0,2.45,0.0,7.05,17800.0,97.9,486.1,17.18,1.95,80.87,10.0,5.85,0.03,0.4,0.56,0.048846823,255063.19999999998,1284.6399999999999
111,Kuwait,Ближний Восток,2418393,17820,135.7,2.8,14.18,9.95,19000.0,83.5,211.0,0.73,0.11,99.16,21.94,2.41,0.0,0.48,0.52,0.002418393,46153.799999999996,351.46299999999997
112,Kyrgyzstan,ex-USSR,5213898,198500,26.3,0.0,-2.45,35.64,1600.0,97.0,84.0,7.3,0.35,92.35,22.8,7.08,0.35,0.21,0.44,0.005213898,514115.0,68.117
113,Laos,Азия,6368481,236800,26.9,0.0,0.0,85.22,1700.0,66.4,14.1,3.8,0.35,95.85,35.49,11.55,0.46,0.29,0.26,0.006368481,613312.0,69.67099999999999
114,Latvia,Прибалтика,2274735,64589,35.2,0.82,-2.23,9.55,10200.0,99.8,321.4,29.67,0.47,69.86,9.24,13.66,0.04,0.26,0.7,0.002274735,167285.50999999998,91.168
115,Lebanon,Ближний Восток,3874050,10400,372.5,2.16,0.0,24.52,4800.0,87.4,255.6,16.62,13.98,69.4,18.52,6.21,0.12,0.21,0.67,0.00387405,26936.0,964.775
116,Lesotho,Южная Африка,2022331,30355,66.6,0.0,-0.74,84.23,3000.0,84.8,23.7,10.87,0.13,89.0,24.75,28.71,0.16,0.44,0.39,0.002022331,78619.45,172.49399999999997
117,Liberia,Южная Африка,3042004,111370,27.3,0.52,0.0,128.87,1000.0,57.5,2.3,3.95,2.28,93.77,44.77,23.1,0.77,0.05,0.18,0.003042004,288448.3,70.707
118,Libya,СЕВЕРНАЯ АФРИКА,5900754,1759540,3.4,0.1,0.0,24.6,6400.0,82.6,127.1,1.03,0.19,98.78,26.49,3.48,0.08,0.5,0.42,0.005900754,4557208.6,8.806
119,Liechtenstein,Западная Европа,33987,160,212.4,0.0,4.85,4.7,25000.0,100.0,585.5,25.0,0.0,75.0,10.21,7.18,0.06,0.39,0.55,3.3987e-05,414.4,550.116
120,Lithuania,Прибалтика,3585906,65200,55.0,0.14,-0.71,6.89,11400.0,99.6,223.4,45.22,0.91,53.87,8.75,10.98,0.06,0.32,0.62,0.003585906,168868.0,142.45
121,Luxembourg,Западная Европа,474413,2586,183.5,0.0,8.97,4.81,55100.0,100.0,515.4,23.28,0.4,76.32,11.94,8.41,0.01,0.13,0.86,0.000474413,6697.74,475.265
122,Macau,Азия,453125,28,16183.0,146.43,4.86,4.39,19400.0,94.5,384.9,0.0,0.0,100.0,8.48,4.47,0.0,0.07,0.93,0.000453125,72.52,41913.97
123,Macedonia,ВОСТОЧНАЯ ЕВРОПА,2050554,25333,80.9,0.0,-1.45,10.09,6700.0,,260.0,22.26,1.81,75.93,12.02,8.77,0.12,0.32,0.56,0.002050554,65612.47,209.531
124,Madagascar,Южная Африка,18595469,587040,31.7,0.82,0.0,76.83,800.0,68.9,3.6,5.07,1.03,93.91,41.41,11.11,0.28,0.16,0.56,0.018595469,1520433.5999999999,82.103
125,Malawi,Южная Африка,13013926,118480,109.8,0.0,0.0,103.32,600.0,62.7,7.9,23.38,1.49,75.13,43.13,19.33,0.34,0.16,0.5,0.013013926,306863.2,284.382
126,Malaysia,Азия,24385858,329750,74.0,1.42,0.0,17.7,9000.0,88.7,179.0,5.48,17.61,76.91,22.86,5.05,0.08,0.48,0.44,0.024385858,854052.5,191.66
127,Maldives,Азия,359008,300,1196.7,214.67,0.0,56.52,3900.0,97.2,90.0,13.33,16.67,70.0,34.81,7.06,0.2,0.18,0.62,0.000359008,777.0,3099.453
128,Mali,Южная Африка,11716829,1240000,9.5,0.0,-0.33,116.79,900.0,46.4,6.4,3.82,0.03,96.15,49.82,16.89,0.45,0.17,0.38,0.011716829,3211600.0,24.604999999999997
129,Malta,Западная Европа,400214,316,1266.5,62.28,2.07,3.89,17700.0,92.8,505.0,28.13,3.13,68.74,10.22,8.1,0.03,0.23,0.74,0.000400214,818.4399999999999,3280.2349999999997
130,Marshall Islands,ОКЕАНИЯ,60422,11854,5.1,3.12,-6.04,29.45,1600.0,93.7,91.2,16.67,38.89,44.44,33.05,4.78,0.32,0.15,0.53,6.0422e-05,30701.859999999997,13.208999999999998
131,Martinique,Латинская Америка,436131,1100,396.5,31.82,-0.05,7.09,14400.0,97.7,394.4,10.38,9.43,80.19,13.74,6.48,0.06,0.11,0.83,0.000436131,2849.0,1026.935
132,Mauritania,Южная Африка,3177388,1030700,3.1,0.07,0.0,70.89,1800.0,41.7,12.9,0.48,0.01,99.51,40.99,12.16,0.25,0.29,0.46,0.003177388,2669513.0,8.029
133,Mauritius,Южная Африка,1240827,2040,608.3,8.68,-0.9,15.03,11400.0,85.6,289.3,49.26,2.96,47.78,15.43,6.86,0.06,0.3,0.64,0.001240827,5283.599999999999,1575.4969999999998
134,Mayotte,Южная Африка,201234,374,538.1,49.52,6.78,62.4,2600.0,,49.7,,,,40.95,7.7,,,,0.000201234,968.66,1393.679
135,Mexico,Латинская Америка,107449525,1972550,54.5,0.47,-4.87,20.91,9000.0,92.2,181.6,12.99,1.31,85.7,20.69,4.74,0.04,0.26,0.7,0.107449525,5108904.5,141.155
136,"Micronesia, Fed. St.",ОКЕАНИЯ,108004,702,153.9,870.66,-20.99,30.21,2000.0,89.0,114.8,5.71,45.71,48.58,24.68,4.75,0.29,0.15,0.56,0.000108004,1818.1799999999998,398.601
137,Moldova,ex-USSR,4466706,33843,132.0,0.0,-0.26,40.42,1800.0,99.1,208.1,55.3,10.79,33.91,15.7,12.64,0.21,0.23,0.56,0.004466706,87653.37,341.88
138,Monaco,Западная Европа,32543,2,16271.5,205.0,7.75,5.43,27000.0,99.0,1035.6,0.0,0.0,100.0,9.19,12.91,0.17,,,3.2543e-05,5.18,42143.185
139,Mongolia,Азия,2832224,1564116,1.8,0.0,0.0,53.79,1800.0,97.8,55.1,0.77,0.0,99.23,21.59,6.95,0.21,0.21,0.58,0.002832224,4051060.44,4.662
140,Montserrat,Латинская Америка,9439,102,92.5,39.22,0.0,7.35,3400.0,97.0,,20.0,0.0,80.0,17.59,7.1,,,,9.439e-06,264.18,239.575
141,Morocco,СЕВЕРНАЯ АФРИКА,33241259,446550,74.4,0.41,-0.98,41.62,4000.0,51.7,40.4,19.61,2.17,78.22,21.98,5.58,0.22,0.36,0.43,0.033241259,1156564.5,192.696
142,Mozambique,Южная Африка,19686505,801590,24.6,0.31,0.0,130.79,1200.0,47.8,3.5,5.1,0.3,94.6,35.18,21.35,0.26,0.35,0.39,0.019686505,2076118.0999999999,63.714
143,Namibia,Южная Африка,2044147,825418,2.5,0.19,0.0,48.98,7200.0,84.0,62.6,0.99,0.0,99.01,24.32,18.86,0.1,0.32,0.59,0.002044147,2137832.62,6.475
144,Nauru,ОКЕАНИЯ,13287,21,632.7,142.86,0.0,9.95,5000.0,,143.0,0.0,0.0,100.0,24.76,6.7,,,,1.3287e-05,54.39,1638.693
145,Nepal,Азия,28287147,147181,192.2,0.0,0.0,66.98,1400.0,45.2,15.9,21.68,0.64,77.68,30.98,9.31,0.38,0.21,0.41,0.028287147,381198.79,497.79799999999994
146,Netherlands,Западная Европа,16491461,41526,397.1,1.09,2.91,5.04,28600.0,99.0,460.8,26.71,0.97,72.32,10.9,8.68,0.02,0.24,0.74,0.016491461,107552.34,1028.489
147,Netherlands Antilles,Латинская Америка,221736,960,231.0,37.92,-0.41,10.03,11400.0,96.7,365.3,10.0,0.0,90.0,14.78,6.45,0.01,0.15,0.84,0.000221736,2486.3999999999996,598.29
148,New Caledonia,ОКЕАНИЯ,219246,19060,11.5,11.83,0.0,7.72,15000.0,91.0,252.2,0.38,0.33,99.29,18.11,5.69,0.15,0.09,0.76,0.000219246,49365.399999999994,29.784999999999997
149,New Zealand,ОКЕАНИЯ,4076140,268680,15.2,5.63,4.05,5.85,21600.0,99.0,441.7,5.6,6.99,87.41,13.76,7.53,0.04,0.27,0.68,0.00407614,695881.2,39.367999999999995
150,Nicaragua,Латинская Америка,5570129,129494,43.0,0.7,-1.22,29.11,2300.0,67.5,39.7,15.94,1.94,82.12,24.51,4.45,0.16,0.28,0.56,0.005570129,335389.45999999996,111.36999999999999
151,Niger,Южная Африка,12525094,1267000,9.9,0.0,-0.67,121.69,800.0,17.6,1.9,3.54,0.01,96.45,50.73,20.91,0.39,0.17,0.44,0.012525094,3281530.0,25.641
152,Nigeria,Южная Африка,131859731,923768,142.7,0.09,0.26,98.8,900.0,68.0,9.3,31.29,2.96,65.75,40.43,16.94,0.27,0.49,0.24,0.131859731,2392559.1199999996,369.59299999999996
153,N. Mariana Islands,ОКЕАНИЯ,82459,477,172.9,310.69,9.61,7.11,12500.0,97.0,254.7,13.04,4.35,82.61,19.43,2.29,,,,8.2459e-05,1235.4299999999998,447.811
154,Norway,Западная Европа,4610820,323802,14.2,7.77,1.74,3.7,37800.0,100.0,461.7,2.87,0.0,97.13,11.46,9.4,0.02,0.42,0.56,0.00461082,838647.1799999999,36.778
155,Oman,Ближний Восток,3102229,212460,14.6,0.98,0.28,19.51,13100.0,75.8,85.5,0.0,0.14,99.74,36.24,3.81,0.03,0.39,0.58,0.003102229,550271.4,37.814
156,Pakistan,Азия,165803560,803940,206.2,0.13,-2.77,72.44,2100.0,45.7,31.8,27.87,0.87,71.26,29.74,8.23,0.22,0.25,0.53,0.16580356,2082204.5999999999,534.058
157,Palau,ОКЕАНИЯ,20579,458,44.9,331.66,2.85,14.84,9000.0,92.0,325.6,8.7,4.35,86.95,18.03,6.8,0.06,0.12,0.82,2.0579e-05,1186.22,116.291
158,Panama,Латинская Америка,3191319,78200,40.8,3.18,-0.91,20.47,6300.0,92.6,137.9,7.36,1.98,90.66,21.74,5.36,0.07,0.16,0.78,0.003191319,202538.0,105.67199999999998
159,Papua New Guinea,ОКЕАНИЯ,5670544,462840,12.3,1.11,0.0,51.45,2200.0,64.6,10.9,0.46,1.44,98.1,29.36,7.25,0.35,0.38,0.27,0.005670544,1198755.5999999999,31.857
160,Paraguay,Латинская Америка,6506464,406750,16.0,0.0,-0.08,25.63,4700.0,94.0,49.2,7.6,0.23,92.17,29.1,4.49,0.22,0.21,0.57,0.006506464,1053482.5,41.44
161,Peru,Латинская Америка,28302603,1285220,22.0,0.19,-1.05,31.94,5100.0,90.9,79.5,2.89,0.4,96.71,20.48,6.23,0.08,0.27,0.65,0.028302603,3328719.8,56.98
162,Philippines,Азия,89468677,300000,298.2,12.1,-1.5,23.51,4600.0,92.6,38.4,18.95,16.77,64.28,24.89,5.41,0.14,0.33,0.53,0.089468677,777000.0,772.338
163,Poland,ВОСТОЧНАЯ ЕВРОПА,38536869,312685,123.3,0.16,-0.49,8.51,11100.0,99.8,306.3,45.91,1.12,52.97,9.85,9.89,0.05,0.31,0.64,0.038536869,809854.1499999999,319.347
164,Portugal,Западная Европа,10605870,92391,114.8,1.94,3.57,5.05,18000.0,93.3,399.2,21.75,7.81,70.44,10.72,10.5,0.05,0.27,0.67,0.01060587,239292.68999999997,297.332
165,Puerto Rico,Латинская Америка,3927188,13790,284.8,3.63,-1.46,8.24,16800.0,94.1,283.1,3.95,5.52,90.53,12.77,7.65,0.01,0.45,0.54,0.003927188,35716.1,737.632
166,Qatar,Ближний Восток,885359,11437,77.4,4.92,16.29,18.61,21500.0,82.5,232.0,1.64,0.27,98.09,15.56,4.72,0.0,0.8,0.2,0.000885359,29621.829999999998,200.466
167,Reunion,Южная Африка,787584,2517,312.9,8.22,0.0,7.78,5800.0,88.9,380.9,13.6,1.2,85.2,18.9,5.49,0.08,0.19,0.73,0.000787584,6519.03,810.411
168,Romania,ВОСТОЧНАЯ ЕВРОПА,22303552,237500,93.9,0.09,-0.13,26.43,7000.0,98.4,196.9,40.82,2.25,56.93,10.7,11.77,0.1,0.35,0.55,0.022303552,615125.0,243.201
169,Russia,ex-USSR,142893540,17075200,8.4,0.22,1.02,15.39,8900.0,99.6,280.6,7.33,0.11,92.56,9.95,14.65,0.05,0.37,0.57,0.14289354,44224768.0,21.756
170,Rwanda,Южная Африка,8648248,26338,328.4,0.0,0.0,91.23,1300.0,70.4,2.7,40.54,12.16,47.3,40.37,16.09,0.4,0.23,0.37,0.008648248,68215.42,850.5559999999999
171,Saint Helena,Южная Африка,7502,413,18.2,14.53,0.0,19.0,2500.0,97.0,293.3,12.9,0.0,87.1,12.13,6.53,,,,7.502e-06,1069.6699999999998,47.138
172,Saint Kitts & Nevis,Латинская Америка,39129,261,149.9,51.72,-7.11,14.49,8800.0,97.0,638.9,19.44,2.78,77.78,18.02,8.33,0.04,0.26,0.71,3.9129e-05,675.99,388.241
173,Saint Lucia,Латинская Америка,168458,616,273.5,25.65,-2.67,13.53,5400.0,67.0,303.3,6.56,22.95,70.49,19.68,5.08,0.07,0.2,0.73,0.000168458,1595.4399999999998,708.365
174,St Pierre & Miquelon,Северная Америка,7026,242,29.0,49.59,-4.86,7.54,6900.0,99.0,683.2,13.04,0.0,86.96,13.52,6.83,,,,7.026e-06,626.78,75.11
175,Saint Vincent and the Grenadines,Латинская Америка,117848,389,303.0,21.59,-7.64,14.78,2900.0,96.0,190.9,17.95,17.95,64.1,16.18,5.98,0.1,0.26,0.64,0.000117848,1007.51,784.77
176,Samoa,ОКЕАНИЯ,176908,2944,60.1,13.69,-11.7,27.71,5600.0,99.7,75.2,21.2,24.38,54.42,16.43,6.62,0.11,0.58,0.3,0.000176908,7624.959999999999,155.659
177,San Marino,Западная Европа,29251,61,479.5,0.0,10.98,5.73,34600.0,96.0,704.3,16.67,0.0,83.33,10.02,8.17,,,,2.9251e-05,157.98999999999998,1241.905
178,Sao Tome & Principe,Южная Африка,193413,1001,193.2,20.88,-2.72,43.11,1200.0,79.3,36.2,6.25,48.96,44.79,40.25,6.47,0.17,0.15,0.68,0.000193413,2592.5899999999997,500.3879999999999
179,Saudi Arabia,Ближний Восток,27019731,1960582,13.8,0.13,-2.71,13.24,11800.0,78.8,140.6,1.67,0.09,98.24,29.34,2.58,0.03,0.61,0.35,0.027019731,5077907.38,35.742
180,Senegal,Южная Африка,11987121,196190,61.1,0.27,0.2,55.51,1600.0,40.2,22.2,12.78,0.21,87.01,32.78,9.42,0.17,0.21,0.62,0.011987121,508132.1,158.249
181,Serbia,ВОСТОЧНАЯ ЕВРОПА,9396411,88361,106.3,0.0,-1.33,12.89,2200.0,93.0,285.8,33.35,3.2,63.45,,,0.17,0.26,0.58,0.009396411,228854.99,275.31699999999995
182,Seychelles,Южная Африка,81541,455,179.2,107.91,-5.69,15.53,7800.0,58.0,262.4,2.22,13.33,84.45,16.03,6.29,0.03,0.3,0.66,8.1541e-05,1178.45,464.12799999999993
183,Sierra Leone,Южная Африка,6005250,71740,83.7,0.56,0.0,143.64,500.0,31.4,4.0,6.98,0.89,92.13,45.76,23.03,0.49,0.31,0.21,0.00600525,185806.59999999998,216.783
184,Singapore,Азия,4492150,693,6482.2,27.85,11.53,2.29,23700.0,92.5,411.4,1.64,0.0,98.36,9.34,4.28,0.0,0.34,0.66,0.00449215,1794.87,16788.897999999997
185,Slovakia,ВОСТОЧНАЯ ЕВРОПА,5439448,48845,111.4,0.0,0.3,7.41,13300.0,,220.1,30.16,2.62,67.22,10.65,9.45,0.04,0.29,0.67,0.005439448,126508.54999999999,288.526
186,Slovenia,ВОСТОЧНАЯ ЕВРОПА,2010347,20273,99.2,0.23,1.12,4.45,19000.0,99.7,406.1,8.6,1.49,89.91,8.98,10.31,0.03,0.37,0.6,0.002010347,52507.07,256.928
187,Solomon Islands,ОКЕАНИЯ,552438,28450,19.4,18.67,0.0,21.29,1700.0,,13.4,0.64,2.0,97.36,30.01,3.92,0.42,0.11,0.47,0.000552438,73685.5,50.245999999999995
188,Somalia,Южная Африка,8863338,637657,13.9,0.47,5.37,116.7,500.0,37.8,11.3,1.67,0.04,98.29,45.13,16.63,0.65,0.1,0.25,0.008863338,1651531.63,36.001
189,South Africa,Южная Африка,44187637,1219912,36.2,0.23,-0.29,61.81,10700.0,86.4,107.0,12.08,0.79,87.13,18.2,22.0,0.02,0.3,0.67,0.044187637,3159572.0799999996,93.758
190,Spain,Западная Европа,40397842,504782,80.0,0.98,0.99,4.42,22000.0,97.9,453.5,26.07,9.87,64.06,10.06,9.72,0.04,0.3,0.66,0.040397842,1307385.38,207.2
191,Sri Lanka,Азия,20222240,65610,308.2,2.04,-1.31,14.35,3700.0,92.3,61.5,13.86,15.7,70.44,15.51,6.52,0.18,0.28,0.55,0.02022224,169929.9,798.2379999999999
192,Sudan,Южная Африка,41236378,2505810,16.5,0.03,-0.02,62.5,1900.0,61.1,16.3,6.83,0.18,92.99,34.53,8.97,0.39,0.2,0.41,0.041236378,6490047.899999999,42.735
193,Suriname,Латинская Америка,439117,163270,2.7,0.24,-8.81,23.57,4000.0,93.0,184.7,0.37,0.06,99.57,18.02,7.27,0.13,0.22,0.65,0.000439117,422869.3,6.993
194,Swaziland,Южная Африка,1136334,17363,65.5,0.0,0.0,69.27,4900.0,81.6,30.8,10.35,0.7,88.95,27.41,29.74,0.12,0.52,0.37,0.001136334,44970.17,169.64499999999998
195,Sweden,Западная Европа,9016596,449964,20.0,0.72,1.67,2.77,26800.0,99.0,715.0,6.54,0.01,93.45,10.27,10.31,0.01,0.28,0.71,0.009016596,1165406.76,51.8
196,Switzerland,Западная Европа,7523934,41290,182.2,0.0,4.05,4.39,32700.0,99.0,680.9,10.42,0.61,88.97,9.71,8.49,0.02,0.34,0.64,0.007523934,106941.09999999999,471.89799999999997
197,Syria,Ближний Восток,18881361,185180,102.0,0.1,0.0,29.53,3300.0,76.9,153.8,25.22,4.43,70.35,27.76,4.81,0.25,0.23,0.52,0.018881361,479616.19999999995,264.18
198,Taiwan,Азия,23036087,35980,640.3,4.35,0.0,6.4,23400.0,96.1,591.0,24.0,1.0,75.0,12.56,6.48,0.02,0.26,0.72,0.023036087,93188.2,1658.3769999999997
199,Tajikistan,ex-USSR,7320815,143100,51.2,0.0,-2.86,110.76,1000.0,99.4,33.5,6.61,0.92,92.47,32.65,8.25,0.23,0.29,0.48,0.007320815,370629.0,132.608
200,Tanzania,Южная Африка,37445392,945087,39.6,0.15,-2.06,98.54,600.0,78.2,4.0,4.52,1.08,94.4,37.71,16.39,0.43,0.17,0.4,0.037445392,2447775.33,102.564
201,Thailand,Азия,64631595,514000,125.7,0.63,0.0,20.48,7400.0,92.6,108.9,29.36,6.46,64.18,13.87,7.04,0.1,0.44,0.46,0.064631595,1331260.0,325.563
202,Togo,Южная Африка,5548702,56785,97.7,0.1,0.0,66.61,1500.0,60.9,10.6,46.15,2.21,51.64,37.01,9.83,0.4,0.2,0.4,0.005548702,147073.15,253.043
203,Tonga,ОКЕАНИЯ,114689,748,153.3,56.02,0.0,12.62,2200.0,98.5,97.7,23.61,43.06,33.33,25.37,5.28,0.23,0.27,0.5,0.000114689,1937.32,397.047
204,Trinidad & Tobago,Латинская Америка,1065842,5128,207.9,7.06,-10.83,24.31,9500.0,98.6,303.5,14.62,9.16,76.22,12.9,10.57,0.01,0.57,0.42,0.001065842,13281.519999999999,538.461
205,Tunisia,СЕВЕРНАЯ АФРИКА,10175014,163610,62.2,0.7,-0.57,24.77,6900.0,74.2,123.6,17.86,13.74,68.4,15.52,5.13,0.13,0.32,0.55,0.010175014,423749.89999999997,161.09799999999998
206,Turkey,Ближний Восток,70413958,780580,90.2,0.92,0.0,41.04,6700.0,86.5,269.5,30.93,3.31,65.76,16.62,5.97,0.12,0.3,0.58,0.070413958,2021702.2,233.618
207,Turkmenistan,ex-USSR,5042920,488100,10.3,0.0,-0.86,73.08,5800.0,98.0,74.6,3.72,0.14,96.14,27.61,8.6,0.21,0.38,0.41,0.00504292,1264179.0,26.677
208,Turks & Caicos Is,Латинская Америка,21152,430,49.2,90.47,11.68,15.67,9600.0,98.0,269.5,2.33,0.0,97.67,21.84,4.21,,,,2.1152e-05,1113.7,127.428
209,Tuvalu,ОКЕАНИЯ,11810,26,454.2,92.31,0.0,20.03,1100.0,,59.3,0.0,0.0,100.0,22.18,7.11,0.17,0.27,0.56,1.181e-05,67.34,1176.378
210,Uganda,Южная Африка,28195754,236040,119.5,0.0,0.0,67.83,1400.0,69.9,3.6,25.88,10.65,63.47,47.35,12.24,0.31,0.22,0.47,0.028195754,611343.6,309.505
211,Ukraine,ex-USSR,46710816,603700,77.4,0.46,-0.39,20.34,5400.0,99.7,259.9,56.21,1.61,42.18,8.82,14.39,0.19,0.45,0.36,0.046710816,1563583.0,200.466
212,United Arab Emirates,Ближний Восток,2602713,82880,31.4,1.59,1.03,14.51,23200.0,77.9,475.3,0.6,2.25,97.15,18.96,4.4,0.04,0.58,0.38,0.002602713,214659.19999999998,81.326
213,United Kingdom,Западная Европа,60609153,244820,247.6,5.08,2.19,5.16,27700.0,99.0,543.5,23.46,0.21,76.33,10.71,10.13,0.0,0.24,0.76,0.060609153,634083.7999999999,641.284
214,United States,Северная Америка,298444215,9631420,31.0,0.21,3.41,6.5,37800.0,97.0,898.0,19.13,0.22,80.65,14.14,8.26,0.01,0.2,0.79,0.298444215,24945377.799999997,80.28999999999999
215,Uruguay,Латинская Америка,3431932,176220,19.5,0.37,-0.32,11.95,12800.0,98.0,291.4,7.43,0.23,92.34,13.91,9.05,0.09,0.31,0.6,0.003431932,456409.8,50.504999999999995
216,Uzbekistan,ex-USSR,27307134,447400,61.0,0.0,-1.72,71.1,1700.0,99.3,62.9,10.83,0.83,88.34,26.36,7.84,0.34,0.23,0.43,0.027307134,1158766.0,157.98999999999998
217,Vanuatu,ОКЕАНИЯ,208869,12200,17.1,20.72,0.0,55.16,2900.0,53.0,32.6,2.46,7.38,90.16,22.72,7.82,0.26,0.12,0.62,0.000208869,31598.0,44.289
218,Venezuela,Латинская Америка,25730435,912050,28.2,0.31,-0.04,22.2,4800.0,93.4,140.1,2.95,0.92,96.13,18.71,4.92,0.04,0.42,0.54,0.025730435,2362209.5,73.038
219,Vietnam,Азия,84402966,329560,256.1,1.05,-0.45,25.95,2500.0,90.3,187.7,19.97,5.95,74.08,16.86,6.22,0.21,0.41,0.38,0.084402966,853560.3999999999,663.299
220,Virgin Islands,Латинская Америка,108605,1910,56.9,9.84,-8.94,8.03,17200.0,,652.8,11.76,2.94,85.3,13.96,6.43,0.01,0.19,0.8,0.000108605,4946.9,147.37099999999998
221,Wallis and Futuna,ОКЕАНИЯ,16025,274,58.5,47.08,,,3700.0,50.0,118.6,5.0,25.0,70.0,,,,,,1.6025e-05,709.66,151.515
222,West Bank,Ближний Восток,2460492,5860,419.9,0.0,2.98,19.62,800.0,,145.2,16.9,18.97,64.13,31.67,3.92,0.09,0.28,0.63,0.002460492,15177.4,1087.541
223,Western Sahara,СЕВЕРНАЯ АФРИКА,273008,266000,1.0,0.42,,,,,,0.02,0.0,99.98,,,,,0.4,0.000273008,688940.0,2.59
224,Yemen,Ближний Восток,21456188,527970,40.6,0.36,0.0,61.5,800.0,50.2,37.2,2.78,0.24,96.98,42.89,8.3,0.14,0.47,0.39,0.021456188,1367442.2999999998,105.154
225,Zambia,Южная Африка,11502010,752614,15.3,0.0,0.0,88.29,800.0,80.6,8.2,7.08,0.03,92.9,41.0,19.93,0.22,0.29,0.49,0.01150201,1949270.26,39.627
226,Zimbabwe,Южная Африка,12236805,390580,31.3,0.0,0.0,67.69,1900.0,90.7,26.8,8.32,0.34,91.34,28.01,21.84,0.18,0.24,0.58,0.012236805,1011602.2,81.067
