ticker,date,open,high,low,close
NFT,2022-01-06,3.19216e-06,3.29594e-06,3.05649e-06,3.16158e-06
NFT,2022-01-07,3.16186e-06,3.16236e-06,2.81024e-06,2.94051e-06
NFT,2022-01-08,2.93971e-06,3.0079e-06,2.61214e-06,2.7619e-06
NFT,2022-01-09,2.7624e-06,2.8518e-06,2.70123e-06,2.8114e-06
NFT,2022-01-10,2.8113e-06,2.8233e-06,2.494e-06,2.6185e-06
NFT,2022-01-11,2.6205e-06,2.74087e-06,2.6082e-06,2.72397e-06
NFT,2022-01-12,2.7247e-06,2.87724e-06,2.7208e-06,2.85714e-06
NFT,2022-01-13,2.85774e-06,2.88644e-06,2.73136e-06,2.76528e-06
NFT,2022-01-14,2.76528e-06,2.78301e-06,2.66773e-06,2.77593e-06
NFT,2022-01-15,2.77893e-06,2.81141e-06,2.70768e-06,2.75218e-06
NFT,2022-01-16,2.75127e-06,2.96658e-06,2.73289e-06,2.85124e-06
NFT,2022-01-17,2.85164e-06,2.87345e-06,2.70678e-06,2.77591e-06
NFT,2022-01-18,2.77581e-06,2.77891e-06,2.59644e-06,2.68487e-06
NFT,2022-01-19,2.68511e-06,2.74082e-06,2.59334e-06,2.72392e-06
NFT,2022-01-20,2.72412e-06,2.73792e-06,2.60206e-06,2.61132e-06
NFT,2022-01-21,2.60652e-06,2.60652e-06,2.10102e-06,2.12963e-06
NFT,2022-01-22,2.13694e-06,2.19536e-06,1.68734e-06,1.82565e-06
NFT,2022-01-23,1.82725e-06,1.9963e-06,1.81604e-06,1.92028e-06
NFT,2022-01-24,1.92178e-06,1.9788e-06,1.73705e-06,1.88158e-06
NFT,2022-01-25,1.88798e-06,1.97289e-06,1.85096e-06,1.95728e-06
NFT,2022-01-26,1.96098e-06,2.12466e-06,1.93486e-06,1.97218e-06
NFT,2022-01-27,1.97068e-06,2.0011e-06,1.88574e-06,1.95328e-06
NFT,2022-01-28,1.95358e-06,2.011e-06,1.92368e-06,1.9871e-06
NFT,2022-01-29,1.9867e-06,2.09253e-06,1.9865e-06,2.08022e-06
NFT,2022-01-30,2.07972e-06,2.10693e-06,1.96499e-06,1.98689e-06
NFT,2022-01-31,1.98719e-06,2.03822e-06,1.91947e-06,2.0025e-06
NFT,2022-02-01,2.0022e-06,2.05102e-06,1.9934e-06,2.03672e-06
NFT,2022-02-02,2.03592e-06,2.07354e-06,1.94188e-06,1.96617e-06
NFT,2022-02-03,1.96757e-06,2.0103e-06,1.92507e-06,1.9964e-06
NFT,2022-02-04,1.9946e-06,2.11267e-06,1.9941e-06,2.09988e-06
NFT,2022-02-05,2.09948e-06,2.21493e-06,2.09898e-06,2.14879e-06
NFT,2022-02-06,2.14839e-06,2.57569e-06,2.13109e-06,2.37475e-06
NFT,2022-02-07,2.37639e-06,2.54113e-06,2.37495e-06,2.48909e-06
NFT,2022-02-08,2.49009e-06,2.51891e-06,2.27952e-06,2.32569e-06
NFT,2022-02-09,2.32619e-06,2.41323e-06,2.31225e-06,2.39259e-06
NFT,2022-02-10,2.39189e-06,2.39736e-06,2.26841e-06,2.2879e-06
NFT,2022-02-11,2.2886e-06,2.29338e-06,2.10633e-06,2.10943e-06
NFT,2022-02-12,2.10888e-06,2.13458e-06,2.03202e-06,2.09185e-06
NFT,2022-02-13,2.09125e-06,2.12086e-06,2.06673e-06,2.09666e-06
NFT,2022-02-14,2.09645e-06,2.09666e-06,2.0025e-06,2.03732e-06
NFT,2022-02-15,2.03752e-06,2.12577e-06,2.03612e-06,2.11237e-06
NFT,2022-02-16,2.11247e-06,2.13088e-06,2.02131e-06,2.08795e-06
NFT,2022-02-17,2.08785e-06,2.09636e-06,1.92395e-06,1.93956e-06
NFT,2022-02-18,1.93916e-06,2.05143e-06,1.91194e-06,1.9949e-06
NFT,2022-02-19,1.9947e-06,2.04212e-06,1.91175e-06,1.92326e-06
NFT,2022-02-20,1.92385e-06,1.94717e-06,1.81333e-06,1.89635e-06
NFT,2022-02-21,1.89785e-06,1.91997e-06,1.78962e-06,1.7981e-06
NFT,2022-02-22,1.7966e-06,1.80322e-06,1.73122e-06,1.78567e-06
NFT,2022-02-23,1.78517e-06,1.86032e-06,1.76126e-06,1.77857e-06
NFT,2022-02-24,1.77977e-06,1.78079e-06,1.57048e-06,1.71589e-06
NFT,2022-02-25,1.71631e-06,1.76573e-06,1.68194e-06,1.7407e-06
NFT,2022-02-26,1.73457e-06,1.79182e-06,1.69795e-06,1.72339e-06
NFT,2022-02-27,1.72289e-06,1.76198e-06,1.64846e-06,1.66667e-06
NFT,2022-02-28,1.66417e-06,1.76688e-06,1.65226e-06,1.76321e-06
NFT,2022-03-01,1.76398e-06,1.8058e-06,1.72999e-06,1.77793e-06
NFT,2022-03-02,1.77783e-06,1.79014e-06,1.72815e-06,1.75245e-06
NFT,2022-03-03,1.75225e-06,1.78053e-06,1.69214e-06,1.72484e-06
NFT,2022-03-04,1.72504e-06,1.73365e-06,1.61012e-06,1.61378e-06
NFT,2022-03-05,1.61368e-06,1.6725e-06,1.60078e-06,1.6684e-06
NFT,2022-03-06,1.6683e-06,1.6738e-06,1.60072e-06,1.60838e-06
NFT,2022-03-07,1.60828e-06,1.60898e-06,1.53496e-06,1.55227e-06
NFT,2022-03-08,1.55227e-06,1.59802e-06,1.53316e-06,1.59022e-06
NFT,2022-03-09,1.58972e-06,1.64923e-06,1.58942e-06,1.62146e-06
NFT,2022-03-10,1.62112e-06,1.62462e-06,1.53531e-06,1.56883e-06
NFT,2022-03-11,1.57301e-06,1.57936e-06,1.57111e-06,1.57752e-06
NFT,2022-03-12,1.57702e-06,1.58656e-06,1.55466e-06,1.55486e-06
NFT,2022-03-13,1.55466e-06,1.57037e-06,1.53826e-06,1.53826e-06
NFT,2022-03-14,1.53852e-06,1.55051e-06,1.5101e-06,1.5161e-06
NFT,2022-03-15,1.51665e-06,1.52871e-06,1.4904e-06,1.52016e-06
NFT,2022-03-16,1.51996e-06,1.54471e-06,1.50375e-06,1.52406e-06
NFT,2022-03-17,1.5245e-06,1.54626e-06,1.52336e-06,1.52646e-06
NFT,2022-03-18,1.52551e-06,1.52832e-06,1.50095e-06,1.52106e-06
NFT,2022-03-19,1.52172e-06,1.5918e-06,1.52066e-06,1.57833e-06
NFT,2022-03-20,1.57799e-06,1.6076e-06,1.53637e-06,1.56192e-06
NFT,2022-03-21,1.56028e-06,1.57829e-06,1.52596e-06,1.57623e-06
NFT,2022-03-22,1.57623e-06,1.62431e-06,1.57099e-06,1.6013e-06
NFT,2022-03-23,1.60264e-06,1.7577e-06,1.58263e-06,1.69185e-06
NFT,2022-03-24,1.69285e-06,1.73587e-06,1.67067e-06,1.72869e-06
NFT,2022-03-25,1.72769e-06,1.73987e-06,1.63205e-06,1.67714e-06
NFT,2022-03-26,1.67584e-06,1.69835e-06,1.65082e-06,1.68948e-06
NFT,2022-03-27,1.69068e-06,1.76791e-06,1.68868e-06,1.76381e-06
NFT,2022-03-28,1.76471e-06,1.87755e-06,1.74462e-06,1.83085e-06
NFT,2022-03-29,1.82883e-06,1.98499e-06,1.75923e-06,1.86933e-06
NFT,2022-03-30,1.86893e-06,1.95648e-06,1.82483e-06,1.91657e-06
NFT,2022-03-31,1.91587e-06,2.11981e-06,1.87948e-06,1.93089e-06
NFT,2022-04-01,1.93148e-06,1.93148e-06,1.80164e-06,1.92308e-06
NFT,2022-04-02,1.92317e-06,1.96339e-06,1.85964e-06,1.87325e-06
NFT,2022-04-03,1.87325e-06,1.92047e-06,1.82423e-06,1.89126e-06
NFT,2022-04-04,1.89366e-06,1.90057e-06,1.80994e-06,1.83335e-06
NFT,2022-04-05,1.83545e-06,1.85826e-06,1.79988e-06,1.81088e-06
NFT,2022-04-06,1.81088e-06,1.82106e-06,1.659e-06,1.67247e-06
NFT,2022-04-07,1.6724e-06,1.69987e-06,1.63736e-06,1.69627e-06
NFT,2022-04-08,1.69807e-06,1.72875e-06,1.65866e-06,1.66006e-06
NFT,2022-04-09,1.6544e-06,1.70661e-06,1.63389e-06,1.69321e-06
NFT,2022-04-10,1.69291e-06,1.71852e-06,1.64079e-06,1.67684e-06
NFT,2022-04-11,1.66993e-06,1.67473e-06,1.54426e-06,1.54586e-06
NFT,2022-04-12,1.54746e-06,1.63033e-06,1.53931e-06,1.61949e-06
NFT,2022-04-13,1.62019e-06,1.73642e-06,1.60318e-06,1.70311e-06
NFT,2022-04-14,1.70291e-06,1.72442e-06,1.63459e-06,1.66427e-06
NFT,2022-04-15,1.66407e-06,1.70774e-06,1.62923e-06,1.67533e-06
NFT,2022-04-16,1.67423e-06,1.68724e-06,1.63873e-06,1.66903e-06
NFT,2022-04-17,1.66993e-06,1.67764e-06,1.63096e-06,1.63603e-06
NFT,2022-04-18,1.63513e-06,1.64233e-06,1.55596e-06,1.60448e-06
NFT,2022-04-19,1.60458e-06,1.63723e-06,1.59738e-06,1.62422e-06
NFT,2022-04-20,1.62412e-06,1.69324e-06,1.61592e-06,1.63793e-06
NFT,2022-04-21,1.63803e-06,1.78436e-06,1.63636e-06,1.75608e-06
NFT,2022-04-22,1.75548e-06,1.80206e-06,1.55241e-06,1.57506e-06
NFT,2022-04-23,1.57291e-06,1.67864e-06,1.56641e-06,1.67383e-06
NFT,2022-04-24,1.67243e-06,1.67904e-06,1.57942e-06,1.60902e-06
NFT,2022-04-25,1.60872e-06,1.61052e-06,1.50105e-06,1.60306e-06
NFT,2022-04-26,1.60342e-06,1.60442e-06,1.49775e-06,1.52135e-06
NFT,2022-04-27,1.521e-06,1.562e-06,1.50015e-06,1.55816e-06
NFT,2022-04-28,1.55916e-06,1.56716e-06,1.521e-06,1.54815e-06
NFT,2022-04-29,1.548e-06,1.61216e-06,1.483e-06,1.48815e-06
NFT,2022-04-30,1.48815e-06,1.53115e-06,1.443e-06,1.49615e-06
NFT,2022-05-01,1.497e-06,1.50215e-06,1.34413e-06,1.425e-06
NFT,2022-05-02,1.426e-06,1.46615e-06,1.344e-06,1.37914e-06
NFT,2022-05-03,1.379e-06,1.448e-06,1.36573e-06,1.37686e-06
NFT,2022-05-04,1.37686e-06,1.516e-06,1.37186e-06,1.505e-06
NFT,2022-05-05,1.506e-06,1.54754e-06,1.35773e-06,1.39172e-06
NFT,2022-05-06,1.39172e-06,1.45171e-06,1.34073e-06,1.41486e-06
NFT,2022-05-07,1.41486e-06,1.45085e-06,1.26687e-06,1.27674e-06
NFT,2022-05-08,1.28174e-06,1.34346e-06,1.2435e-06,1.30961e-06
NFT,2022-05-09,1.30861e-06,1.31874e-06,1.06968e-06,1.09478e-06
NFT,2022-05-10,1.09778e-06,1.14077e-06,1.02269e-06,1.06257e-06
NFT,2022-05-11,1.06158e-06,1.10056e-06,6.8143e-07,8.5175e-07
NFT,2022-05-12,8.4886e-07,8.965e-07,7.49695e-07,7.50519e-07
NFT,2022-05-13,7.49072e-07,8.41042e-07,7.27956e-07,8.17907e-07
NFT,2022-05-14,7.39093e-07,7.60529e-07,7.35626e-07,7.51347e-07
NFT,2022-05-15,7.51347e-07,7.84579e-07,7.39264e-07,7.79963e-07
NFT,2022-05-16,7.81083e-07,7.93426e-07,6.86706e-07,7.36042e-07
NFT,2022-05-17,7.38239e-07,7.75069e-07,7.30076e-07,7.71795e-07
NFT,2022-05-18,7.73693e-07,7.7397e-07,7.21233e-07,7.46129e-07
NFT,2022-05-19,7.46553e-07,7.72005e-07,7.18365e-07,7.69507e-07
NFT,2022-05-20,7.6963e-07,7.8677e-07,7.54917e-07,7.61086e-07
NFT,2022-05-21,7.60986e-07,8.0635e-07,7.56491e-07,7.86177e-07
NFT,2022-05-22,7.85977e-07,8.07929e-07,7.79086e-07,8.06131e-07
NFT,2022-05-23,8.06531e-07,8.54259e-07,7.96223e-07,8.33499e-07
NFT,2022-05-24,8.32899e-07,8.45584e-07,7.88132e-07,8.42403e-07
NFT,2022-05-25,8.43202e-07,8.66146e-07,8.29803e-07,8.5737e-07
NFT,2022-05-26,8.56757e-07,8.76035e-07,8.00099e-07,8.05993e-07
NFT,2022-05-27,8.05713e-07,8.13685e-07,7.62061e-07,7.67632e-07
NFT,2022-05-28,7.68531e-07,7.90314e-07,7.66026e-07,7.80086e-07
NFT,2022-05-29,7.80071e-07,7.88947e-07,7.68277e-07,7.80141e-07
NFT,2022-05-30,7.80433e-07,8.32817e-07,7.79189e-07,8.28736e-07
NFT,2022-05-31,8.2862e-07,8.30635e-07,8.02538e-07,8.20543e-07
NFT,2022-06-01,8.19768e-07,8.67805e-07,8.10289e-07,8.14067e-07
NFT,2022-06-02,8.14358e-07,8.34748e-07,7.9958e-07,8.27654e-07
NFT,2022-06-03,8.27754e-07,8.38429e-07,7.99008e-07,8.07897e-07
NFT,2022-06-04,8.08196e-07,8.17246e-07,7.79643e-07,8.1548e-07
NFT,2022-06-05,8.1558e-07,8.46471e-07,8.08093e-07,8.40209e-07
NFT,2022-06-06,8.3971e-07,8.68887e-07,8.28928e-07,8.53474e-07
NFT,2022-06-07,8.53383e-07,8.70425e-07,8.15714e-07,8.69387e-07
NFT,2022-06-08,8.69195e-07,9.63954e-07,8.54293e-07,9.43486e-07
NFT,2022-06-09,9.43386e-07,9.55449e-07,8.99598e-07,9.52e-07
NFT,2022-06-10,9.52399e-07,9.77878e-07,9.03042e-07,9.20829e-07
NFT,2022-06-11,9.20829e-07,9.49973e-07,8.07087e-07,8.42047e-07
NFT,2022-06-12,8.41939e-07,8.65882e-07,8.01673e-07,8.37469e-07
NFT,2022-06-13,8.37968e-07,8.40964e-07,6.51244e-07,6.8964e-07
NFT,2022-06-14,6.90439e-07,7.02317e-07,6.01196e-07,6.0737e-07
NFT,2022-06-15,6.07864e-07,6.30118e-07,5.13032e-07,5.992e-07
NFT,2022-06-16,5.992e-07,6.1732e-07,5.64978e-07,5.79887e-07
NFT,2022-06-17,5.72614e-07,5.96663e-07,5.62312e-07,5.72512e-07
NFT,2022-06-18,5.72518e-07,5.80109e-07,5.46439e-07,5.69071e-07
NFT,2022-06-19,5.67978e-07,5.97782e-07,5.626e-07,5.92229e-07
NFT,2022-06-20,5.91989e-07,6.20117e-07,5.85937e-07,6.0813e-07
NFT,2022-06-21,6.08069e-07,6.53281e-07,6.06332e-07,6.40395e-07
NFT,2022-06-22,6.40694e-07,6.48651e-07,6.26011e-07,6.31268e-07
NFT,2022-06-23,6.30769e-07,6.45654e-07,6.18681e-07,6.31967e-07
NFT,2022-06-24,6.31668e-07,6.49849e-07,6.31268e-07,6.48194e-07
NFT,2022-06-25,6.47594e-07,6.4885e-07,6.20146e-07,6.38353e-07
NFT,2022-06-26,6.38453e-07,6.45848e-07,6.26817e-07,6.36312e-07
NFT,2022-06-27,6.37411e-07,6.68472e-07,6.24225e-07,6.58613e-07
NFT,2022-06-28,6.5842e-07,6.68391e-07,6.46837e-07,6.58289e-07
NFT,2022-06-29,6.58183e-07,6.59008e-07,6.00301e-07,6.11859e-07
NFT,2022-06-30,6.11765e-07,6.12564e-07,5.83546e-07,5.90091e-07
NFT,2022-07-01,5.90291e-07,6.1712e-07,5.89891e-07,6.09229e-07
NFT,2022-07-02,6.09129e-07,6.27546e-07,6.03775e-07,6.26947e-07
NFT,2022-07-03,6.27246e-07,6.54848e-07,6.16459e-07,6.54848e-07
NFT,2022-07-04,6.54448e-07,6.67631e-07,6.44861e-07,6.60307e-07
NFT,2022-07-05,6.60706e-07,6.80682e-07,6.57076e-07,6.69063e-07
NFT,2022-07-06,6.69263e-07,6.70861e-07,6.57376e-07,6.59174e-07
NFT,2022-07-07,6.58775e-07,6.70562e-07,6.47023e-07,6.59104e-07
NFT,2022-07-08,6.59304e-07,6.74795e-07,6.54941e-07,6.68199e-07
NFT,2022-07-09,6.67999e-07,6.78792e-07,6.62536e-07,6.74895e-07
NFT,2022-07-10,6.74927e-07,6.75894e-07,6.50145e-07,6.55806e-07
NFT,2022-07-11,6.55606e-07,6.56806e-07,6.37226e-07,6.40123e-07
NFT,2022-07-12,6.40323e-07,6.48451e-07,6.28671e-07,6.38861e-07
NFT,2022-07-13,6.38996e-07,6.55444e-07,6.21178e-07,6.38325e-07
NFT,2022-07-14,6.38625e-07,6.58605e-07,6.35191e-07,6.5001e-07
NFT,2022-07-15,6.5031e-07,6.60004e-07,6.48111e-07,6.56903e-07
NFT,2022-07-16,6.56803e-07,6.70666e-07,6.43907e-07,6.67666e-07
NFT,2022-07-17,6.67666e-07,6.69273e-07,6.38653e-07,6.40533e-07
NFT,2022-07-18,6.40633e-07,6.63567e-07,6.35109e-07,6.45352e-07
NFT,2022-07-19,6.45452e-07,6.68927e-07,6.45219e-07,6.67407e-07
NFT,2022-07-20,6.67107e-07,6.78193e-07,6.53787e-07,6.58533e-07
NFT,2022-07-21,6.58733e-07,6.92383e-07,6.43464e-07,6.87672e-07
NFT,2022-07-22,6.88072e-07,6.9994e-07,6.78236e-07,6.85351e-07
NFT,2022-07-23,6.85351e-07,6.98535e-07,6.64093e-07,6.69634e-07
NFT,2022-07-24,6.69567e-07,6.75747e-07,6.68607e-07,6.70934e-07
NFT,2022-07-25,6.70734e-07,6.72928e-07,5.90489e-07,5.95948e-07
NFT,2022-07-26,5.95948e-07,5.96719e-07,5.65394e-07,5.74686e-07
NFT,2022-07-27,5.747e-07,6.05433e-07,5.73557e-07,6.04645e-07
NFT,2022-07-28,6.04145e-07,6.22487e-07,6.01406e-07,6.18424e-07
NFT,2022-07-29,6.1913e-07,6.3349e-07,6.10207e-07,6.16653e-07
NFT,2022-07-30,6.16853e-07,6.38623e-07,6.13609e-07,6.24312e-07
NFT,2022-07-31,6.24412e-07,6.37021e-07,6.17873e-07,6.27644e-07
NFT,2022-08-01,6.27844e-07,6.41305e-07,6.1966e-07,6.36578e-07
NFT,2022-08-02,6.36778e-07,6.38149e-07,6.07476e-07,6.23306e-07
NFT,2022-08-03,6.23406e-07,6.36827e-07,6.16142e-07,6.30451e-07
NFT,2022-08-04,6.30645e-07,6.31032e-07,6.14612e-07,6.21219e-07
NFT,2022-08-05,6.21319e-07,6.34614e-07,6.1818e-07,6.3342e-07
NFT,2022-08-06,6.3342e-07,6.56731e-07,6.3252e-07,6.49549e-07
NFT,2022-08-07,6.49649e-07,6.52237e-07,6.38434e-07,6.50824e-07
NFT,2022-08-08,6.50824e-07,6.66073e-07,6.43109e-07,6.55579e-07
NFT,2022-08-09,6.55879e-07,6.56918e-07,6.20924e-07,6.26725e-07
NFT,2022-08-10,6.26825e-07,6.49799e-07,6.20355e-07,6.41486e-07
NFT,2022-08-11,6.41586e-07,6.49995e-07,6.18072e-07,6.23393e-07
NFT,2022-08-12,6.23393e-07,6.26413e-07,6.13445e-07,6.24287e-07
NFT,2022-08-13,6.24287e-07,6.33904e-07,6.1811e-07,6.21342e-07
NFT,2022-08-14,6.21542e-07,6.4914e-07,6.19629e-07,6.32296e-07
NFT,2022-08-15,6.32253e-07,6.49088e-07,6.22055e-07,6.37153e-07
NFT,2022-08-16,6.37159e-07,6.52507e-07,6.25719e-07,6.39758e-07
NFT,2022-08-17,6.39858e-07,6.51491e-07,6.15231e-07,6.16343e-07
NFT,2022-08-18,6.15843e-07,6.27025e-07,6.11357e-07,6.23506e-07
NFT,2022-08-19,6.23862e-07,6.26263e-07,5.70157e-07,5.74857e-07
NFT,2022-08-20,5.75717e-07,5.85053e-07,5.69972e-07,5.79394e-07
NFT,2022-08-21,5.78988e-07,5.91018e-07,5.72814e-07,5.87088e-07
NFT,2022-08-22,5.86288e-07,5.89506e-07,5.70586e-07,5.73697e-07
NFT,2022-08-23,5.73814e-07,5.862e-07,5.73708e-07,5.84312e-07
NFT,2022-08-24,5.84642e-07,5.91459e-07,5.7766e-07,5.86653e-07
NFT,2022-08-25,5.86647e-07,6.07918e-07,5.829e-07,5.93518e-07
NFT,2022-08-26,5.93718e-07,5.97248e-07,5.69754e-07,5.73357e-07
NFT,2022-08-27,5.73357e-07,5.80906e-07,5.63573e-07,5.78817e-07
NFT,2022-08-28,5.78112e-07,5.82212e-07,5.71877e-07,5.736e-07
NFT,2022-08-29,5.736e-07,5.8197e-07,5.67234e-07,5.81041e-07
NFT,2022-08-30,5.80846e-07,5.97872e-07,5.78446e-07,5.80252e-07
NFT,2022-08-31,5.80752e-07,5.881e-07,5.78012e-07,5.832e-07
NFT,2022-09-01,5.832e-07,5.91512e-07,5.77436e-07,5.87665e-07
NFT,2022-09-02,5.87865e-07,5.92147e-07,5.75117e-07,5.78087e-07
NFT,2022-09-03,5.78293e-07,5.81858e-07,5.733e-07,5.81e-07
NFT,2022-09-04,5.81258e-07,5.853e-07,5.773e-07,5.844e-07
NFT,2022-09-05,5.843e-07,5.86059e-07,5.716e-07,5.76858e-07
NFT,2022-09-06,5.76558e-07,5.87e-07,5.657e-07,5.69e-07
NFT,2022-09-07,5.69e-07,5.77187e-07,5.62577e-07,5.7354e-07
NFT,2022-09-08,5.7414e-07,5.76463e-07,5.62934e-07,5.69385e-07
NFT,2022-09-09,5.6938e-07,5.91536e-07,5.68468e-07,5.884e-07
NFT,2022-09-10,5.88518e-07,5.91295e-07,5.76036e-07,5.8091e-07
NFT,2022-09-11,5.81116e-07,5.91001e-07,5.76084e-07,5.8224e-07
NFT,2022-09-12,5.8254e-07,5.91083e-07,5.78722e-07,5.80204e-07
NFT,2022-09-13,5.79704e-07,5.82975e-07,5.5585e-07,5.58611e-07
NFT,2022-09-14,5.57556e-07,5.58345e-07,5.39784e-07,5.57239e-07
NFT,2022-09-15,5.57239e-07,5.66936e-07,5.51399e-07,5.5685e-07
NFT,2022-09-16,5.5685e-07,5.5855e-07,5.46991e-07,5.48745e-07
NFT,2022-09-17,5.48945e-07,5.756e-07,5.48845e-07,5.702e-07
NFT,2022-09-18,5.701e-07,5.744e-07,5.52045e-07,5.58e-07
NFT,2022-09-19,5.57644e-07,5.581e-07,5.424e-07,5.46555e-07
NFT,2022-09-20,5.46555e-07,5.47855e-07,5.33053e-07,5.352e-07
NFT,2022-09-21,5.35254e-07,5.44063e-07,5.235e-07,5.244e-07
NFT,2022-09-22,5.244e-07,5.363e-07,5.178e-07,5.342e-07
NFT,2022-09-23,5.342e-07,5.438e-07,5.254e-07,5.34847e-07
NFT,2022-09-24,5.34857e-07,5.41178e-07,5.30653e-07,5.30942e-07
NFT,2022-09-25,5.309e-07,5.309e-07,5.24216e-07,5.246e-07
NFT,2022-09-26,5.246e-07,5.26716e-07,5.17548e-07,5.198e-07
NFT,2022-09-27,5.198e-07,5.279e-07,5.0295e-07,5.0385e-07
NFT,2022-09-28,5.0355e-07,5.057e-07,4.90051e-07,5.007e-07
NFT,2022-09-29,5.006e-07,5.0315e-07,4.913e-07,5.0205e-07
NFT,2022-09-30,5.018e-07,5.1e-07,4.99e-07,4.997e-07
NFT,2022-10-01,4.9935e-07,5.0385e-07,4.957e-07,4.992e-07
NFT,2022-10-02,4.988e-07,5.229e-07,4.977e-07,5.135e-07
NFT,2022-10-03,5.132e-07,5.16752e-07,5.019e-07,5.08151e-07
NFT,2022-10-04,5.08051e-07,5.29006e-07,5.06551e-07,5.25858e-07
NFT,2022-10-05,5.25858e-07,5.39508e-07,5.21804e-07,5.38908e-07
NFT,2022-10-06,5.38708e-07,5.5465e-07,5.37486e-07,5.51599e-07
NFT,2022-10-07,5.51394e-07,5.60907e-07,5.34859e-07,5.38275e-07
NFT,2022-10-08,5.3837e-07,5.52283e-07,5.36443e-07,5.46937e-07
NFT,2022-10-09,5.47042e-07,5.67613e-07,5.46109e-07,5.65613e-07
NFT,2022-10-10,5.65557e-07,5.72557e-07,5.53189e-07,5.61144e-07
NFT,2022-10-11,5.613e-07,5.66855e-07,5.43346e-07,5.52045e-07
NFT,2022-10-12,5.5205e-07,5.67055e-07,5.50723e-07,5.57917e-07
NFT,2022-10-13,5.58011e-07,5.599e-07,5.26316e-07,5.55244e-07
NFT,2022-10-14,5.5525e-07,5.88341e-07,5.47755e-07,5.70023e-07
NFT,2022-10-15,5.70023e-07,5.88347e-07,5.48722e-07,5.52228e-07
NFT,2022-10-16,5.523e-07,5.66811e-07,5.49716e-07,5.63123e-07
NFT,2022-10-17,5.63128e-07,5.82912e-07,5.60728e-07,5.68011e-07
NFT,2022-10-18,5.68617e-07,5.79146e-07,5.60622e-07,5.63434e-07
NFT,2022-10-19,5.62856e-07,6.35851e-07,5.61089e-07,6.197e-07
NFT,2022-10-20,6.19594e-07,6.32375e-07,6.04854e-07,6.27337e-07
NFT,2022-10-21,6.27456e-07,6.37868e-07,5.97876e-07,6.18349e-07
NFT,2022-10-22,6.18443e-07,6.32025e-07,6.11149e-07,6.2755e-07
NFT,2022-10-23,6.2755e-07,6.55198e-07,6.26063e-07,6.48884e-07
NFT,2022-10-24,6.48978e-07,6.57153e-07,6.36996e-07,6.48432e-07
NFT,2022-10-25,6.48426e-07,6.69187e-07,6.45203e-07,6.48527e-07
NFT,2022-10-26,6.48414e-07,6.50075e-07,6.28119e-07,6.4128e-07
NFT,2022-10-27,6.40779e-07,6.51624e-07,6.29919e-07,6.33738e-07
NFT,2022-10-28,6.33838e-07,6.38253e-07,6.24612e-07,6.36827e-07
NFT,2022-10-29,6.36827e-07,6.48859e-07,6.32952e-07,6.44255e-07
NFT,2022-10-30,6.44655e-07,6.4933e-07,6.21824e-07,6.25325e-07
NFT,2022-10-31,6.25425e-07,6.33527e-07,6.14882e-07,6.2055e-07
NFT,2022-11-01,6.20763e-07,6.32937e-07,6.19269e-07,6.32937e-07
NFT,2022-11-02,6.32737e-07,6.38406e-07,6.20132e-07,6.28062e-07
NFT,2022-11-03,6.28062e-07,6.42629e-07,6.25187e-07,6.30094e-07
NFT,2022-11-04,6.296e-07,6.46113e-07,6.28694e-07,6.39551e-07
NFT,2022-11-05,6.39351e-07,6.55126e-07,6.35838e-07,6.41232e-07
NFT,2022-11-06,6.41432e-07,6.41432e-07,6.01272e-07,6.03248e-07
NFT,2022-11-07,6.02942e-07,6.02942e-07,5.86035e-07,5.89071e-07
NFT,2022-11-08,5.89077e-07,5.95e-07,5.22134e-07,5.52653e-07
NFT,2022-11-09,5.52653e-07,6.0957e-07,5.0904e-07,5.14199e-07
NFT,2022-11-10,5.15058e-07,6.27862e-07,5.08684e-07,5.43195e-07
NFT,2022-11-11,5.43913e-07,6.31846e-07,5.18952e-07,5.27279e-07
NFT,2022-11-12,5.27622e-07,5.3773e-07,5.1028e-07,5.37331e-07
NFT,2022-11-13,5.37431e-07,5.41224e-07,5.0519e-07,5.14878e-07
NFT,2022-11-14,5.14279e-07,5.34658e-07,4.7414e-07,5.09286e-07
NFT,2022-11-15,5.0891e-07,5.15825e-07,5.02147e-07,5.05294e-07
NFT,2022-11-16,5.05094e-07,5.08589e-07,4.83674e-07,4.86657e-07
NFT,2022-11-17,4.87151e-07,4.8886e-07,4.71004e-07,4.7433e-07
NFT,2022-11-18,4.74325e-07,4.78412e-07,4.64547e-07,4.65564e-07
NFT,2022-11-19,4.65464e-07,4.74772e-07,4.63081e-07,4.72403e-07
NFT,2022-11-20,4.72374e-07,4.7872e-07,4.4947e-07,4.51213e-07
NFT,2022-11-21,4.50814e-07,4.58694e-07,4.40942e-07,4.55848e-07
NFT,2022-11-22,4.55852e-07,4.63146e-07,4.4018e-07,4.55643e-07
NFT,2022-11-23,4.55507e-07,4.68365e-07,4.52842e-07,4.65487e-07
NFT,2022-11-24,4.64988e-07,4.78179e-07,4.64577e-07,4.74796e-07
NFT,2022-11-25,4.74696e-07,4.80512e-07,4.6612e-07,4.78132e-07
NFT,2022-11-26,4.78127e-07,4.8331e-07,4.73387e-07,4.7402e-07
NFT,2022-11-27,4.7472e-07,4.833e-07,4.74125e-07,4.83091e-07
NFT,2022-11-28,4.83107e-07,4.83107e-07,4.60447e-07,4.65523e-07
NFT,2022-11-29,4.65923e-07,4.72759e-07,4.63105e-07,4.68127e-07
NFT,2022-11-30,4.68427e-07,4.79829e-07,4.67727e-07,4.79529e-07
NFT,2022-12-01,4.79514e-07,4.80719e-07,4.74714e-07,4.76629e-07
NFT,2022-12-02,4.76729e-07,4.78943e-07,4.71752e-07,4.77229e-07
NFT,2022-12-03,4.77229e-07,4.78662e-07,4.70647e-07,4.71394e-07
NFT,2022-12-04,4.71347e-07,4.74747e-07,4.68047e-07,4.69947e-07
NFT,2022-12-05,4.70094e-07,4.74795e-07,4.64533e-07,4.70114e-07
NFT,2022-12-06,4.70109e-07,4.72205e-07,4.66714e-07,4.70591e-07
NFT,2022-12-07,4.707e-07,4.71991e-07,4.63232e-07,4.66705e-07
NFT,2022-12-08,4.666e-07,4.72861e-07,4.64672e-07,4.71933e-07
NFT,2022-12-09,4.72047e-07,4.72547e-07,4.68295e-07,4.69714e-07
NFT,2022-12-10,4.69619e-07,4.72505e-07,4.68495e-07,4.69491e-07
NFT,2022-12-11,4.69291e-07,4.72509e-07,4.64693e-07,4.65247e-07
NFT,2022-12-12,4.65193e-07,4.66905e-07,4.571e-07,4.66042e-07
NFT,2022-12-13,4.65842e-07,4.72456e-07,4.60443e-07,4.70587e-07
NFT,2022-12-14,4.70387e-07,4.801e-07,4.69434e-07,4.74533e-07
NFT,2022-12-15,4.74833e-07,4.979e-07,4.68647e-07,4.96399e-07
NFT,2022-12-16,4.96299e-07,4.9805e-07,4.52245e-07,4.52245e-07
NFT,2022-12-17,4.52345e-07,4.55746e-07,4.45422e-07,4.54259e-07
NFT,2022-12-18,4.54559e-07,4.57314e-07,4.48849e-07,4.53654e-07
NFT,2022-12-19,4.541e-07,4.55973e-07,4.49804e-07,4.51791e-07
NFT,2022-12-20,4.516e-07,4.5385e-07,4.51495e-07,4.53718e-07
NFT,2022-12-21,4.53518e-07,4.56337e-07,4.51395e-07,4.53023e-07
NFT,2022-12-22,4.53223e-07,4.572e-07,4.46246e-07,4.53823e-07
NFT,2022-12-23,4.53623e-07,4.54327e-07,4.4496e-07,4.45651e-07
NFT,2022-12-24,4.45551e-07,4.4666e-07,4.43356e-07,4.44469e-07
NFT,2022-12-25,4.44569e-07,4.45573e-07,4.41525e-07,4.44442e-07
NFT,2022-12-26,4.44356e-07,4.47515e-07,4.42756e-07,4.44711e-07
NFT,2022-12-27,4.44811e-07,4.46511e-07,4.38864e-07,4.39728e-07
NFT,2022-12-28,4.40128e-07,4.42063e-07,4.3477e-07,4.36964e-07
NFT,2022-12-29,4.36673e-07,4.40224e-07,4.30728e-07,4.38098e-07
NFT,2022-12-30,4.38003e-07,4.38994e-07,4.31184e-07,4.34678e-07
NFT,2022-12-31,4.34678e-07,4.38176e-07,4.32679e-07,4.33883e-07
NFT,2023-01-01,4.33783e-07,4.38376e-07,4.32271e-07,4.33696e-07
NFT,2023-01-02,4.33696e-07,4.38711e-07,4.32218e-07,4.37064e-07
NFT,2023-01-03,4.3726e-07,4.3726e-07,4.30428e-07,4.31736e-07
NFT,2023-01-04,4.31732e-07,4.34326e-07,4.23969e-07,4.2496e-07
NFT,2023-01-05,4.2486e-07,4.30028e-07,4.18445e-07,4.18553e-07
NFT,2023-01-06,4.18574e-07,4.18674e-07,3.99956e-07,4.09773e-07
NFT,2023-01-07,4.09869e-07,4.13676e-07,4.04466e-07,4.09602e-07
NFT,2023-01-08,4.09177e-07,4.16917e-07,4.06535e-07,4.13638e-07
NFT,2023-01-09,4.13717e-07,4.29257e-07,4.1365e-07,4.19596e-07
NFT,2023-01-10,4.192e-07,4.21596e-07,4.15713e-07,4.19059e-07
NFT,2023-01-11,4.19063e-07,4.27596e-07,4.171e-07,4.26696e-07
NFT,2023-01-12,4.269e-07,4.33474e-07,4.22749e-07,4.29039e-07
NFT,2023-01-13,4.28943e-07,4.46354e-07,4.28543e-07,4.4124e-07
NFT,2023-01-14,4.4124e-07,4.78086e-07,4.41135e-07,4.56623e-07
NFT,2023-01-15,4.56823e-07,4.69569e-07,4.49136e-07,4.6594e-07
NFT,2023-01-16,4.66286e-07,4.71046e-07,4.58179e-07,4.68205e-07
NFT,2023-01-17,4.68505e-07,4.68714e-07,4.59637e-07,4.64351e-07
NFT,2023-01-18,4.64251e-07,4.71533e-07,4.42669e-07,4.43878e-07
NFT,2023-01-19,4.44073e-07,4.44273e-07,4.31757e-07,4.38487e-07
NFT,2023-01-20,4.38518e-07,4.58069e-07,4.36891e-07,4.56482e-07
NFT,2023-01-21,4.57082e-07,4.65835e-07,4.53582e-07,4.57992e-07
NFT,2023-01-22,4.58287e-07,4.65893e-07,4.52777e-07,4.57892e-07
NFT,2023-01-23,4.57191e-07,4.72266e-07,4.57091e-07,4.71075e-07
NFT,2023-01-24,4.71366e-07,4.76381e-07,4.52868e-07,4.57723e-07
NFT,2023-01-25,4.57114e-07,4.72161e-07,4.526e-07,4.65074e-07
NFT,2023-01-26,4.65279e-07,4.80319e-07,4.64779e-07,4.72238e-07
NFT,2023-01-27,4.72338e-07,4.8243e-07,4.67537e-07,4.78882e-07
NFT,2023-01-28,4.78868e-07,4.80092e-07,4.68308e-07,4.69594e-07
NFT,2023-01-29,4.69594e-07,4.7951e-07,4.69113e-07,4.77919e-07
NFT,2023-01-30,4.77924e-07,4.80729e-07,4.59637e-07,4.60032e-07
NFT,2023-01-31,4.60028e-07,4.73695e-07,4.59237e-07,4.64342e-07
NFT,2023-02-01,4.65133e-07,4.73552e-07,4.60186e-07,4.71228e-07
NFT,2023-02-02,4.71028e-07,4.89278e-07,4.68523e-07,4.76695e-07
NFT,2023-02-03,4.76995e-07,4.83253e-07,4.72047e-07,4.82739e-07
NFT,2023-02-04,4.82239e-07,5.0096e-07,4.79038e-07,4.93439e-07
NFT,2023-02-05,4.92939e-07,5.17893e-07,4.86883e-07,5.07227e-07
NFT,2023-02-06,5.07227e-07,5.13918e-07,4.88793e-07,4.9282e-07
NFT,2023-02-07,4.9222e-07,5.12705e-07,4.83644e-07,5.08736e-07
NFT,2023-02-08,5.08125e-07,5.14226e-07,4.92069e-07,4.9994e-07
NFT,2023-02-09,4.9913e-07,5.0361e-07,4.65642e-07,4.66847e-07
NFT,2023-02-10,4.66047e-07,4.74414e-07,4.62946e-07,4.6537e-07
NFT,2023-02-11,4.656e-07,4.76148e-07,4.65074e-07,4.75043e-07
NFT,2023-02-12,4.75095e-07,4.82843e-07,4.7007e-07,4.73047e-07
NFT,2023-02-13,4.73247e-07,4.78583e-07,4.61838e-07,4.71054e-07
NFT,2023-02-14,4.71059e-07,5.0025e-07,4.70635e-07,4.80373e-07
NFT,2023-02-15,4.80321e-07,5.01955e-07,4.758e-07,4.99695e-07
NFT,2023-02-16,5.00085e-07,5.05771e-07,4.80963e-07,4.80963e-07
NFT,2023-02-17,4.81163e-07,5.35037e-07,4.80153e-07,5.18147e-07
NFT,2023-02-18,5.18852e-07,5.3008e-07,5.12613e-07,5.24084e-07
NFT,2023-02-19,5.23884e-07,5.2829e-07,5.12397e-07,5.16013e-07
NFT,2023-02-20,5.16814e-07,5.274e-07,5.08846e-07,5.1122e-07
NFT,2023-02-21,5.1082e-07,5.1764e-07,5.00845e-07,5.15693e-07
NFT,2023-02-22,5.15788e-07,5.17062e-07,4.98745e-07,5.07405e-07
NFT,2023-02-23,5.07905e-07,5.14967e-07,5.03396e-07,5.12061e-07
NFT,2023-02-24,5.12172e-07,5.13777e-07,4.87239e-07,4.91295e-07
NFT,2023-02-25,4.91195e-07,4.96445e-07,4.80567e-07,4.88834e-07
NFT,2023-02-26,4.88734e-07,4.9934e-07,4.88434e-07,4.9693e-07
NFT,2023-02-27,4.96925e-07,4.9863e-07,4.86344e-07,4.90825e-07
NFT,2023-02-28,4.90225e-07,4.92905e-07,4.82253e-07,4.85883e-07
NFT,2023-03-01,4.86697e-07,4.94374e-07,4.84463e-07,4.91364e-07
NFT,2023-03-02,4.91469e-07,4.9521e-07,4.87061e-07,4.93844e-07
NFT,2023-03-03,4.93825e-07,4.94335e-07,4.62909e-07,4.66033e-07
NFT,2023-03-04,4.66242e-07,4.69223e-07,4.43522e-07,4.47431e-07
NFT,2023-03-05,4.47231e-07,4.55241e-07,4.46331e-07,4.50854e-07
NFT,2023-03-06,4.5085e-07,4.57073e-07,4.46636e-07,4.54473e-07
NFT,2023-03-07,4.54655e-07,4.57295e-07,4.46833e-07,4.49378e-07
NFT,2023-03-08,4.49282e-07,4.53077e-07,4.42878e-07,4.43482e-07
NFT,2023-03-09,4.43956e-07,4.52614e-07,4.04919e-07,4.13041e-07
NFT,2023-03-10,4.13737e-07,4.15679e-07,3.953e-07,4.13194e-07
NFT,2023-03-11,4.13287e-07,4.21128e-07,3.97465e-07,4.10808e-07
NFT,2023-03-12,4.10793e-07,4.28545e-07,4.10793e-07,4.28545e-07
NFT,2023-03-13,4.28727e-07,4.53335e-07,4.27792e-07,4.41655e-07
NFT,2023-03-14,4.41751e-07,4.49328e-07,4.27027e-07,4.33177e-07
NFT,2023-03-15,4.33945e-07,4.39359e-07,4.08588e-07,4.14032e-07
NFT,2023-03-16,4.14132e-07,4.20813e-07,4.1102e-07,4.12733e-07
NFT,2023-03-17,4.13423e-07,4.26888e-07,4.08593e-07,4.2597e-07
NFT,2023-03-18,4.25669e-07,4.31194e-07,4.09503e-07,4.14736e-07
NFT,2023-03-19,4.14841e-07,4.23462e-07,4.11778e-07,4.18665e-07
NFT,2023-03-20,4.18957e-07,4.21853e-07,4.10624e-07,4.1411e-07
NFT,2023-03-21,4.14206e-07,4.23462e-07,4.08117e-07,4.14723e-07
NFT,2023-03-22,4.14719e-07,4.25102e-07,3.77815e-07,3.87559e-07
NFT,2023-03-23,3.87358e-07,4.05818e-07,3.81034e-07,4.00932e-07
NFT,2023-03-24,4.00928e-07,4.03542e-07,3.87746e-07,3.91803e-07
NFT,2023-03-25,3.9185e-07,3.97752e-07,3.90382e-07,3.93678e-07
NFT,2023-03-26,3.93077e-07,3.96877e-07,3.92157e-07,3.95346e-07
NFT,2023-03-27,3.95635e-07,3.98086e-07,3.82741e-07,3.93285e-07
NFT,2023-03-28,3.93285e-07,3.9527e-07,3.87004e-07,3.88652e-07
NFT,2023-03-29,3.88652e-07,3.95143e-07,3.87636e-07,3.8927e-07
NFT,2023-03-30,3.89174e-07,3.90759e-07,3.77191e-07,3.77706e-07
NFT,2023-03-31,3.77702e-07,3.84269e-07,3.74375e-07,3.83481e-07
NFT,2023-04-01,3.8308e-07,3.85985e-07,3.79218e-07,3.83938e-07
NFT,2023-04-02,3.83942e-07,3.8946e-07,3.7726e-07,3.77634e-07
NFT,2023-04-03,3.77638e-07,3.82157e-07,3.72575e-07,3.76247e-07
NFT,2023-04-04,3.7615e-07,3.86624e-07,3.75847e-07,3.82295e-07
NFT,2023-04-05,3.82695e-07,3.87032e-07,3.78198e-07,3.80737e-07
NFT,2023-04-06,3.80641e-07,3.85246e-07,3.78432e-07,3.78833e-07
NFT,2023-04-07,3.78836e-07,3.8079e-07,3.75414e-07,3.78083e-07
NFT,2023-04-08,3.7808e-07,3.80277e-07,3.76563e-07,3.78347e-07
NFT,2023-04-09,3.78393e-07,3.84646e-07,3.77645e-07,3.84257e-07
NFT,2023-04-10,3.84754e-07,3.85539e-07,3.80575e-07,3.84111e-07
NFT,2023-04-11,3.84111e-07,3.85193e-07,3.80908e-07,3.81778e-07
NFT,2023-04-12,3.81774e-07,3.82813e-07,3.67982e-07,3.77691e-07
NFT,2023-04-13,3.78095e-07,3.80709e-07,3.75215e-07,3.78063e-07
NFT,2023-04-14,3.78259e-07,3.83499e-07,3.76895e-07,3.82217e-07
NFT,2023-04-15,3.82317e-07,3.86267e-07,3.78918e-07,3.84946e-07
NFT,2023-04-16,3.84346e-07,3.89877e-07,3.80742e-07,3.89465e-07
NFT,2023-04-17,3.89265e-07,3.99792e-07,3.79074e-07,3.79713e-07
NFT,2023-04-18,3.79528e-07,3.848e-07,3.76173e-07,3.82073e-07
NFT,2023-04-19,3.82069e-07,3.83734e-07,3.68372e-07,3.76507e-07
NFT,2023-04-20,3.76599e-07,3.79202e-07,3.68677e-07,3.78638e-07
NFT,2023-04-21,3.78827e-07,3.81927e-07,3.65699e-07,3.69659e-07
NFT,2023-04-22,3.68959e-07,3.7433e-07,3.67078e-07,3.74137e-07
NFT,2023-04-23,3.74037e-07,3.7603e-07,3.69781e-07,3.72919e-07
NFT,2023-04-24,3.72919e-07,3.758e-07,3.6747e-07,3.70307e-07
NFT,2023-04-25,3.70307e-07,3.70511e-07,3.62325e-07,3.69985e-07
NFT,2023-04-26,3.70485e-07,3.76375e-07,3.56168e-07,3.69718e-07
NFT,2023-04-27,3.68318e-07,3.70778e-07,3.60865e-07,3.68729e-07
NFT,2023-04-28,3.68618e-07,3.69118e-07,3.64067e-07,3.66682e-07
NFT,2023-04-29,3.67179e-07,3.72394e-07,3.66575e-07,3.71916e-07
NFT,2023-04-30,3.72019e-07,3.72556e-07,3.6722e-07,3.69911e-07
NFT,2023-05-01,3.69607e-07,3.7532e-07,3.64489e-07,3.70604e-07
NFT,2023-05-02,3.704e-07,3.75384e-07,3.67366e-07,3.72527e-07
NFT,2023-05-03,3.73628e-07,3.75098e-07,3.68318e-07,3.73601e-07
NFT,2023-05-04,3.73301e-07,3.74312e-07,3.68069e-07,3.71034e-07
NFT,2023-05-05,3.71134e-07,3.74488e-07,3.6774e-07,3.7344e-07
NFT,2023-05-06,3.72643e-07,3.73585e-07,3.62583e-07,3.65395e-07
NFT,2023-05-07,3.65529e-07,3.68379e-07,3.64083e-07,3.65617e-07
NFT,2023-05-08,3.65971e-07,3.66756e-07,3.52453e-07,3.56785e-07
NFT,2023-05-09,3.57158e-07,3.66593e-07,3.56589e-07,3.61751e-07
NFT,2023-05-10,3.61543e-07,3.71235e-07,3.59481e-07,3.63887e-07
NFT,2023-05-11,3.64184e-07,3.65649e-07,3.52202e-07,3.55825e-07
NFT,2023-05-12,3.55665e-07,3.59117e-07,3.49334e-07,3.57896e-07
NFT,2023-05-13,3.57896e-07,3.60256e-07,3.55488e-07,3.59159e-07
NFT,2023-05-14,3.59175e-07,3.60526e-07,3.52416e-07,3.54583e-07
NFT,2023-05-15,3.54137e-07,3.65819e-07,3.52842e-07,3.64305e-07
NFT,2023-05-16,3.64297e-07,3.69124e-07,3.61747e-07,3.68194e-07
NFT,2023-05-17,3.68227e-07,3.73116e-07,3.63675e-07,3.69525e-07
NFT,2023-05-18,3.69895e-07,3.69978e-07,3.62215e-07,3.65436e-07
NFT,2023-05-19,3.65636e-07,3.67064e-07,3.60641e-07,3.62309e-07
NFT,2023-05-20,3.62021e-07,3.67781e-07,3.59403e-07,3.65515e-07
NFT,2023-05-21,3.66376e-07,3.80128e-07,3.65489e-07,3.68721e-07
NFT,2023-05-22,3.69422e-07,3.79628e-07,3.65919e-07,3.73787e-07
NFT,2023-05-23,3.74552e-07,3.78342e-07,3.69818e-07,3.71722e-07
NFT,2023-05-24,3.7143e-07,3.72637e-07,3.64071e-07,3.66078e-07
NFT,2023-05-25,3.65882e-07,3.67874e-07,3.62567e-07,3.63511e-07
NFT,2023-05-26,3.63045e-07,3.64507e-07,3.57914e-07,3.61572e-07
NFT,2023-05-27,3.61472e-07,3.63109e-07,3.58618e-07,3.61645e-07
NFT,2023-05-28,3.62345e-07,3.64982e-07,3.61781e-07,3.63784e-07
NFT,2023-05-29,3.64084e-07,3.68925e-07,3.64084e-07,3.6541e-07
NFT,2023-05-30,3.6541e-07,3.69366e-07,3.63816e-07,3.68347e-07
NFT,2023-05-31,3.68344e-07,3.68599e-07,3.58282e-07,3.59154e-07
NFT,2023-06-01,3.58965e-07,3.60879e-07,3.52346e-07,3.53202e-07
NFT,2023-06-02,3.52699e-07,3.73497e-07,3.5027e-07,3.72497e-07
NFT,2023-06-03,3.72993e-07,3.82107e-07,3.6651e-07,3.7435e-07
NFT,2023-06-04,3.74646e-07,3.75986e-07,3.70582e-07,3.7462e-07
NFT,2023-06-05,3.7432e-07,3.75024e-07,3.442e-07,3.54803e-07
NFT,2023-06-06,3.54906e-07,3.59697e-07,3.52439e-07,3.563e-07
NFT,2023-06-07,3.562e-07,3.60104e-07,3.50177e-07,3.51053e-07
NFT,2023-06-08,3.50735e-07,3.5725e-07,3.49556e-07,3.56664e-07
NFT,2023-06-09,3.56164e-07,3.60035e-07,3.39452e-07,3.41135e-07
NFT,2023-06-10,3.41342e-07,3.42976e-07,3.00838e-07,3.14482e-07
NFT,2023-06-11,3.14382e-07,3.19728e-07,3.10737e-07,3.15429e-07
NFT,2023-06-12,3.15329e-07,3.18113e-07,3.1159e-07,3.17113e-07
NFT,2023-06-13,3.17413e-07,3.22084e-07,3.15409e-07,3.20058e-07
NFT,2023-06-14,3.19758e-07,3.25384e-07,3.13572e-07,3.19174e-07
NFT,2023-06-15,3.18971e-07,3.23009e-07,3.15566e-07,3.20734e-07
NFT,2023-06-16,3.2073e-07,3.21707e-07,3.1303e-07,3.17949e-07
NFT,2023-06-17,3.17952e-07,3.23412e-07,3.16781e-07,3.20968e-07
NFT,2023-06-18,3.21665e-07,3.25173e-07,3.1594e-07,3.17227e-07
NFT,2023-06-19,3.16927e-07,3.18811e-07,3.14162e-07,3.15502e-07
NFT,2023-06-20,3.15102e-07,3.18332e-07,3.09976e-07,3.17048e-07
